age,duration,campaign,pdays,previous,emp_var_rate,cons_price_ind,cons_conf_ind,euribor,nr_employee
30,487,2,999,6,-3,92,-46,4,5099
39,346,4,999,6,3,93,-36,4,5191
25,227,6,999,6,3,94,-41,4,5228
38,17,3,999,6,3,94,-41,4,5228
47,58,6,999,6,2,93,-42,4,5195
32,128,3,999,2,-3,94,-37,5,4963
32,290,4,999,6,-3,94,-37,5,4963
41,44,2,999,6,2,93,-42,4,5195
31,68,6,999,8,2,93,-42,4,5195
35,170,6,999,6,3,93,-36,4,5191
25,301,6,999,6,3,93,-42,4,5228
36,148,6,999,6,3,93,-42,4,5228
36,97,2,999,6,3,93,-36,4,5191
47,211,2,999,6,3,94,-41,4,5228
29,553,2,999,6,-3,92,-46,4,5099
27,698,2,999,6,3,93,-42,4,5228
44,191,6,999,6,3,93,-42,4,5228
46,59,4,999,6,3,93,-42,4,5228
45,38,2,999,6,3,93,-36,4,5228
50,849,6,999,6,3,93,-42,4,5228
55,326,6,999,6,3,93,-42,4,5228
39,222,6,12,2,-3,93,-34,5,5008
29,626,3,999,6,3,93,-36,4,5228
40,119,6,999,6,3,93,-36,4,5228
44,388,7,999,6,3,93,-36,4,5191
38,479,6,999,6,3,93,-36,4,5228
36,446,6,999,6,3,93,-36,4,5191
28,68,2,999,8,-3,92,-46,4,5099
47,127,6,999,6,3,93,-36,4,5191
34,109,6,999,6,3,93,-36,4,5228
38,113,6,999,8,-3,92,-50,4,5099
33,393,3,999,6,3,94,-41,4,5228
51,151,2,999,6,-2,92,-40,4,5076
30,256,6,999,6,3,94,-41,4,5228
48,42,7,999,6,3,93,-36,4,5228
28,525,6,999,6,3,94,-41,4,5228
36,57,6,999,6,3,93,-36,4,5191
46,499,6,999,6,2,93,-42,4,5195
31,84,6,999,8,-3,92,-46,4,5099
20,137,3,999,3,-3,94,-49,5,4963
35,31,6,999,6,-3,92,-46,4,5099
38,430,6,999,6,3,94,-41,4,5228
76,126,6,999,8,-3,94,-38,5,4991
45,211,3,999,6,3,93,-42,4,5228
32,340,6,999,6,-3,92,-46,4,5099
39,412,2,999,6,-3,92,-46,4,5099
32,132,6,999,6,2,93,-42,4,5195
29,79,2,999,6,-3,92,-46,4,5099
44,341,2,999,6,3,93,-36,4,5228
32,157,3,999,6,3,93,-42,4,5228
56,252,6,999,2,-2,92,-40,4,5076
33,263,6,999,6,-3,92,-46,4,5099
39,215,3,999,6,3,93,-36,4,5228
24,89,2,3,8,-3,92,-29,5,5017
33,143,6,999,6,-3,92,-46,4,5099
58,40,2,999,6,3,94,-41,4,5228
29,10,27,999,6,3,94,-41,4,5228
31,113,6,999,6,3,93,-36,4,5228
27,191,5,999,6,3,93,-36,4,5191
60,481,6,999,8,-3,94,-37,5,4963
55,233,6,999,2,-3,92,-26,5,5017
37,204,2,999,6,-3,92,-46,4,5099
52,403,6,6,8,-3,93,-34,5,5008
46,180,6,999,6,-3,93,-47,4,5099
42,16,2,999,6,-3,92,-46,4,5099
35,447,3,999,6,3,93,-42,4,5228
49,81,6,999,6,-3,92,-26,5,5017
29,361,3,999,6,3,94,-41,4,5228
32,1091,2,5,8,2,93,-42,4,5195
37,395,6,999,8,-3,92,-46,4,5099
39,432,4,999,6,3,94,-41,4,5228
51,596,3,999,6,3,93,-42,4,5228
28,59,3,999,6,-3,92,-46,4,5099
34,77,4,999,6,-3,92,-46,4,5099
31,768,6,999,6,3,93,-36,4,5228
31,96,5,999,6,3,93,-36,4,5228
31,357,2,999,6,3,94,-41,4,5228
38,459,2,999,6,3,93,-36,4,5191
33,11,6,999,6,3,94,-41,4,5228
32,264,62,999,6,3,93,-36,4,5228
54,698,6,999,6,-3,93,-47,4,5099
41,204,2,999,6,3,94,-41,4,5228
59,93,7,999,6,3,93,-36,4,5228
57,374,6,2,8,-3,93,-47,4,5099
38,252,6,999,6,2,93,-42,4,5195
46,158,6,999,6,3,93,-36,4,5191
37,95,6,999,6,2,93,-42,4,5195
47,835,3,999,6,3,94,-41,4,5228
45,505,6,999,6,3,93,-36,4,5228
36,16,6,999,6,3,93,-42,4,5228
40,300,5,999,6,3,93,-42,4,5228
38,180,2,999,8,2,93,-42,4,5195
44,390,2,999,6,3,94,-41,4,5228
25,274,2,999,6,3,93,-36,4,5191
30,135,5,999,6,3,93,-42,4,5228
43,257,2,999,6,2,93,-42,4,5195
58,268,3,999,6,3,93,-36,4,5191
31,157,6,999,6,3,93,-36,4,5191
53,477,2,999,6,3,93,-42,4,5228
52,91,6,999,6,3,93,-36,4,5228
37,76,6,999,8,-3,93,-47,4,5099
58,103,6,999,6,3,93,-42,4,5228
37,436,3,999,6,-3,92,-46,4,5099
38,191,6,999,6,-3,92,-46,4,5099
33,483,2,999,6,-3,93,-47,4,5099
45,250,6,999,6,-3,92,-46,4,5099
44,259,6,999,6,3,93,-36,4,5191
38,389,2,999,6,3,93,-42,4,5228
34,7,6,999,6,-3,94,-39,5,4991
47,123,6,999,6,-2,92,-33,4,5076
59,92,6,999,6,-2,92,-33,4,5076
51,297,2,999,6,3,93,-36,4,5228
31,406,2,999,6,3,94,-41,4,5228
56,104,6,999,8,2,93,-42,4,5195
39,135,2,999,6,3,94,-41,4,5228
41,854,6,999,6,2,93,-42,4,5195
41,147,6,999,6,2,93,-42,4,5195
53,203,4,999,6,3,93,-36,4,5191
35,149,4,999,6,3,93,-42,4,5228
58,144,6,999,6,-3,92,-46,4,5099
25,394,2,999,6,3,94,-41,4,5228
35,523,6,999,8,-3,92,-46,4,5099
28,73,6,999,6,3,93,-42,4,5228
55,197,3,999,8,-3,92,-46,4,5099
54,108,6,999,6,3,93,-36,4,5191
45,80,2,999,6,3,93,-42,4,5228
32,114,6,999,8,-3,93,-47,4,5099
50,122,3,999,6,3,93,-36,4,5228
75,109,6,999,8,-3,93,-47,4,5099
33,1161,4,999,6,3,93,-36,4,5191
29,181,2,999,6,3,93,-36,4,5228
45,239,6,999,6,-3,92,-46,4,5099
38,360,6,999,6,-3,93,-47,4,5099
24,314,6,999,6,3,93,-36,4,5191
41,984,6,999,6,3,93,-36,4,5228
58,663,6,999,6,-2,92,-40,4,5076
34,157,2,999,6,3,93,-36,4,5191
34,141,2,999,6,-3,94,-50,4,4963
37,374,6,999,6,3,93,-36,4,5191
53,706,6,999,6,3,94,-41,4,5228
54,797,64,999,6,3,93,-42,4,5228
32,250,6,999,6,2,93,-42,4,5195
42,311,6,999,6,3,93,-42,4,5228
28,63,2,3,8,-2,92,-31,5,5076
33,111,6,999,6,3,93,-36,4,5191
41,148,2,999,6,-3,93,-47,4,5099
31,49,6,999,6,2,93,-42,4,5195
40,171,4,999,6,3,93,-36,4,5191
53,242,6,999,8,-3,92,-30,5,5017
40,257,6,999,6,3,93,-36,4,5228
82,279,3,3,2,-3,94,-37,5,4963
28,113,6,999,6,3,93,-42,4,5228
30,246,3,999,6,2,93,-42,4,5195
31,309,6,6,3,-3,94,-40,5,4991
32,168,6,999,6,3,93,-36,4,5228
54,153,6,999,6,3,93,-36,4,5228
31,152,6,999,6,3,93,-42,4,5228
50,90,2,999,6,3,93,-36,4,5228
47,117,2,999,6,3,93,-42,4,5228
31,149,6,999,6,-3,92,-46,4,5099
32,640,6,999,6,2,93,-42,4,5195
46,199,2,999,2,-3,94,-50,4,4963
47,1114,2,999,6,-3,92,-46,4,5099
32,74,2,999,2,-3,94,-50,4,4963
52,190,6,999,6,2,93,-42,4,5195
45,738,3,6,8,-3,94,-49,4,4963
32,374,2,999,6,-3,92,-46,4,5099
71,224,6,999,6,-3,94,-38,5,4991
49,344,2,999,6,3,93,-36,4,5191
46,148,60,999,6,3,94,-41,4,5228
46,383,6,999,6,-3,94,-50,4,4963
38,35,6,999,6,3,93,-36,4,5228
57,153,2,999,6,3,93,-36,4,5228
41,772,2,999,8,-3,92,-46,4,5099
44,124,3,999,6,3,93,-36,4,5191
47,345,7,999,6,3,93,-36,4,5228
40,951,2,999,6,3,93,-36,4,5191
57,188,6,999,6,3,93,-36,4,5191
27,128,6,3,8,-3,93,-34,5,5008
52,809,6,999,6,3,93,-36,4,5228
34,192,6,999,6,-2,92,-40,4,5076
42,154,6,999,6,3,93,-36,4,5191
51,17,3,999,6,3,94,-41,4,5228
45,100,6,999,6,3,93,-36,4,5191
56,317,6,999,6,-3,92,-46,4,5099
41,93,6,999,6,-3,92,-46,4,5099
44,111,6,999,6,3,93,-36,4,5228
50,293,3,3,8,-3,92,-46,4,5099
54,119,3,999,6,3,93,-36,4,5228
51,393,6,999,6,3,93,-36,4,5228
30,30,6,999,6,2,93,-42,4,5195
42,38,8,999,6,3,94,-41,4,5228
41,442,66,999,6,3,94,-41,4,5228
47,187,2,999,6,2,93,-42,4,5195
35,113,6,999,8,-3,93,-47,4,5099
58,64,6,999,8,2,93,-42,4,5195
50,629,2,999,6,3,93,-42,4,5228
41,92,6,999,6,3,93,-36,4,5191
38,147,6,999,6,-3,92,-46,4,5099
32,151,2,999,6,2,93,-42,4,5195
21,259,6,999,8,-2,92,-31,5,5076
46,423,6,999,6,3,93,-36,4,5191
42,888,3,999,6,2,93,-42,4,5195
55,76,63,999,6,3,93,-36,4,5228
29,207,6,6,8,-3,94,-50,4,4963
30,100,6,999,6,3,94,-41,4,5228
53,63,6,999,6,2,93,-42,4,5195
35,265,2,999,6,2,93,-42,4,5195
46,273,4,999,6,3,93,-36,4,5191
30,85,2,999,6,3,93,-36,4,5191
43,261,6,999,6,3,93,-42,4,5228
42,136,4,999,6,3,93,-42,4,5228
32,711,6,999,6,3,93,-42,4,5228
41,88,6,999,8,-3,92,-46,4,5099
28,72,3,999,8,-3,92,-46,4,5099
24,113,6,999,6,3,93,-42,4,5228
43,307,6,999,6,-3,93,-47,4,5099
30,39,6,999,6,3,93,-36,4,5228
55,63,2,999,6,2,93,-42,4,5195
51,64,6,999,6,3,93,-42,4,5228
22,154,2,999,6,3,93,-42,4,5228
32,126,6,999,6,2,93,-42,4,5195
43,127,3,999,6,3,93,-42,4,5228
39,156,5,999,6,3,94,-41,4,5228
52,111,8,999,6,3,93,-42,4,5228
38,202,3,999,8,-3,92,-46,4,5099
59,353,4,999,6,-3,93,-47,4,5099
31,159,2,999,6,3,93,-36,4,5191
76,347,4,6,8,-3,92,-30,5,5017
44,76,3,999,6,3,94,-41,4,5228
30,85,2,999,6,3,93,-36,4,5191
32,174,6,999,6,3,94,-41,4,5228
41,280,3,999,6,3,94,-41,4,5228
33,686,4,999,6,3,93,-36,4,5228
59,94,6,999,6,3,93,-36,4,5228
28,225,3,999,6,3,93,-42,4,5228
33,474,2,999,6,-3,92,-46,4,5099
53,76,6,999,6,3,93,-36,4,5228
41,377,6,999,6,-3,92,-50,4,5099
55,185,6,999,6,3,93,-42,4,5228
45,121,6,999,6,3,93,-36,4,5191
35,126,4,999,6,3,93,-42,4,5228
31,160,3,999,6,3,93,-42,4,5228
53,313,4,999,6,3,93,-36,4,5228
35,141,6,999,6,-3,92,-46,4,5099
45,219,6,999,6,-3,92,-46,4,5099
34,267,2,999,6,3,94,-41,4,5228
42,406,3,999,8,-3,93,-47,4,5099
36,151,3,999,6,2,93,-42,4,5195
44,228,3,999,6,3,93,-36,4,5191
50,73,2,999,6,3,93,-36,4,5228
36,355,6,999,6,-3,92,-29,5,5017
27,102,9,999,6,3,93,-42,4,5228
40,97,3,999,6,3,93,-36,4,5191
25,35,6,999,6,3,94,-41,4,5228
29,116,2,999,6,3,93,-36,4,5228
44,83,3,999,6,3,93,-36,4,5191
57,473,2,999,6,3,93,-36,4,5191
30,605,6,999,6,3,93,-42,4,5228
37,585,2,999,6,3,93,-36,4,5228
57,94,6,999,6,3,93,-42,4,5228
32,255,6,999,6,3,93,-42,4,5228
54,1868,2,10,8,-3,94,-50,4,4963
58,846,6,999,6,3,93,-36,4,5228
29,158,5,999,6,3,93,-36,4,5228
60,73,6,999,6,3,93,-36,4,5228
27,404,2,999,6,3,94,-41,4,5228
30,383,3,999,6,3,93,-42,4,5228
42,51,6,999,6,3,93,-36,4,5191
48,87,6,999,6,3,94,-41,4,5228
35,167,2,999,6,3,93,-36,4,5228
46,440,6,999,6,3,93,-36,4,5191
57,673,6,999,6,3,93,-36,4,5191
30,151,3,999,6,3,94,-41,4,5228
28,48,4,999,8,-3,93,-47,4,5099
34,309,6,999,6,3,93,-36,4,5191
42,236,6,999,6,3,94,-41,4,5228
30,288,6,999,6,2,93,-42,4,5195
27,111,6,999,6,-3,94,-38,5,4991
23,87,6,999,6,3,93,-36,4,5228
43,193,6,999,6,3,93,-36,4,5191
59,318,6,999,6,3,93,-36,4,5191
31,209,6,999,2,-3,94,-38,5,4991
43,173,2,999,6,3,93,-36,4,5191
52,503,2,999,6,3,93,-36,4,5191
26,127,6,999,6,3,93,-42,4,5228
24,101,6,999,6,3,93,-36,4,5191
35,370,6,999,8,2,93,-42,4,5195
59,1207,4,999,8,-3,94,-39,5,4991
28,262,6,999,6,3,93,-36,4,5191
37,211,2,999,6,3,93,-36,4,5191
46,609,6,999,8,-3,93,-47,4,5099
26,806,3,6,2,-3,94,-40,5,4991
40,77,6,999,6,3,93,-36,4,5228
56,335,2,999,6,3,93,-42,4,5228
40,459,6,999,6,-3,92,-46,4,5099
29,266,2,999,6,3,93,-36,4,5191
28,225,6,999,8,-3,92,-46,4,5099
48,257,7,999,6,3,93,-36,4,5191
28,434,6,999,6,-3,92,-46,4,5099
33,191,4,999,6,3,93,-36,4,5191
56,82,6,999,6,3,94,-41,4,5228
57,388,4,999,6,3,93,-36,4,5228
24,15,6,999,6,3,93,-42,4,5228
39,17,2,999,6,3,93,-36,4,5191
40,155,6,999,6,3,93,-36,4,5191
54,339,3,999,6,3,94,-41,4,5228
25,188,2,999,6,3,94,-41,4,5228
36,951,3,999,8,-3,92,-46,4,5099
48,288,6,999,6,2,93,-42,4,5195
32,206,6,999,6,3,93,-36,4,5228
48,154,2,999,6,3,93,-42,4,5228
30,72,3,999,6,3,93,-36,4,5191
41,293,2,999,6,3,93,-36,4,5191
54,141,6,999,6,3,93,-42,4,5228
29,215,6,999,6,-3,93,-34,5,5008
28,102,2,999,6,3,94,-41,4,5228
30,178,2,999,6,3,93,-36,4,5191
54,461,3,999,6,3,93,-36,4,5191
33,82,6,999,6,3,93,-36,4,5191
38,204,6,11,8,-3,92,-46,4,5099
46,143,8,999,6,3,94,-41,4,5228
38,50,3,999,6,3,94,-41,4,5228
38,81,6,999,6,3,93,-42,4,5228
33,233,6,999,6,3,93,-36,4,5191
25,56,6,999,6,3,93,-36,4,5191
29,104,60,999,6,-3,92,-46,4,5099
60,55,65,999,6,3,93,-42,4,5228
57,126,2,999,6,-3,92,-46,4,5099
36,142,6,999,6,3,93,-36,4,5228
54,9,5,999,6,3,93,-42,4,5228
25,247,3,999,6,3,93,-36,4,5191
41,130,4,999,6,3,93,-36,4,5191
54,336,6,999,6,-3,93,-47,4,5099
39,101,6,999,6,-3,92,-46,4,5099
55,56,6,999,8,-3,92,-46,4,5099
40,160,3,999,6,3,93,-36,4,5191
43,424,6,999,6,3,93,-36,4,5191
81,617,2,999,6,-3,92,-46,4,5099
43,143,6,999,6,-3,92,-46,4,5099
34,238,6,6,2,-3,94,-39,5,4991
42,188,6,999,6,3,93,-36,4,5228
30,154,2,999,6,2,93,-42,4,5195
24,222,2,999,6,3,94,-41,4,5228
51,10,5,999,6,3,93,-36,4,5228
42,632,5,10,8,-3,92,-46,4,5099
51,91,7,999,6,3,93,-36,4,5191
38,90,3,999,6,3,93,-42,4,5228
45,187,6,999,6,3,93,-36,4,5228
51,86,6,999,6,3,93,-36,4,5228
44,165,6,999,6,3,93,-36,4,5191
52,102,6,999,6,2,93,-42,4,5195
49,212,6,999,6,3,93,-36,4,5191
49,57,6,999,6,3,93,-36,4,5191
52,54,4,999,6,3,93,-36,4,5191
32,73,4,999,6,2,93,-42,4,5195
27,184,3,999,6,3,93,-42,4,5228
44,173,8,999,8,-3,92,-46,4,5099
33,6,7,999,6,-3,92,-46,4,5099
30,70,2,999,6,3,93,-42,4,5228
32,96,6,999,6,3,93,-42,4,5228
36,102,3,999,6,3,94,-41,4,5228
49,98,6,999,6,3,93,-42,4,5228
48,106,2,999,6,-3,92,-46,4,5099
48,336,8,999,6,3,93,-36,4,5228
42,456,2,999,6,3,93,-36,4,5191
28,293,3,999,6,-3,92,-46,4,5099
52,118,6,999,6,3,93,-36,4,5228
23,314,2,999,6,3,93,-42,4,5228
36,167,6,999,6,3,93,-36,4,5191
43,111,2,999,6,3,93,-36,4,5228
31,236,6,999,6,-3,92,-46,4,5099
49,155,2,999,6,3,93,-36,4,5228
36,80,3,999,6,3,93,-42,4,5228
47,241,2,999,6,3,93,-36,4,5191
31,202,7,999,6,3,93,-36,4,5228
46,88,6,999,6,3,94,-41,4,5228
54,439,3,999,6,3,93,-36,4,5228
35,322,3,999,6,-3,92,-46,4,5099
37,51,60,999,6,3,93,-36,4,5191
44,147,6,999,6,3,94,-41,4,5228
30,417,6,3,8,-3,92,-46,4,5099
33,498,5,999,6,3,93,-42,4,5228
57,405,3,999,6,-3,92,-46,4,5099
39,219,4,999,6,3,93,-36,4,5191
43,117,2,999,6,-3,92,-46,4,5099
32,72,2,999,6,3,93,-36,4,5191
29,68,2,999,6,-3,92,-46,4,5099
35,82,2,999,8,-3,92,-46,4,5099
47,99,2,999,6,-3,92,-46,4,5099
37,252,6,999,6,2,93,-42,4,5195
35,712,6,999,6,-3,93,-47,4,5099
37,171,6,999,6,3,93,-42,4,5228
36,112,2,999,6,3,93,-36,4,5228
50,84,6,999,6,3,93,-36,4,5228
30,135,6,999,6,3,93,-36,4,5228
33,132,6,999,6,3,93,-42,4,5228
37,223,6,999,6,3,93,-42,4,5228
45,133,6,999,6,-3,92,-46,4,5099
30,258,2,999,8,2,93,-42,4,5195
51,345,2,999,6,-3,92,-46,4,5099
49,58,60,999,6,3,93,-36,4,5191
31,958,5,999,6,3,93,-36,4,5228
40,250,6,999,6,3,93,-42,4,5228
41,898,2,999,6,3,93,-36,4,5228
58,185,6,2,8,-3,93,-47,4,5099
49,282,6,999,6,3,93,-36,4,5191
39,135,6,999,6,3,93,-36,4,5191
48,175,6,999,6,3,93,-36,4,5191
50,235,2,999,6,3,93,-42,4,5228
54,99,3,999,6,3,93,-36,4,5228
38,181,6,999,6,3,93,-36,4,5191
51,132,2,999,6,3,93,-36,4,5228
36,117,4,999,6,3,93,-36,4,5191
35,372,2,999,6,2,93,-42,4,5195
44,126,6,999,6,3,93,-36,4,5228
43,69,6,999,8,-3,92,-46,4,5099
30,183,7,999,6,3,93,-36,4,5228
41,270,6,999,6,3,93,-36,4,5191
27,134,2,999,6,3,93,-36,4,5191
45,449,2,5,3,-3,94,-50,4,4963
26,160,3,999,6,3,93,-36,4,5191
36,155,2,999,6,3,93,-36,4,5191
24,115,6,999,8,-2,92,-33,4,5076
46,205,6,999,6,2,93,-42,4,5195
61,403,6,3,2,-3,93,-40,5,5008
50,145,4,999,6,3,93,-36,4,5191
49,82,9,999,6,3,93,-36,4,5191
55,548,6,999,8,-3,93,-47,4,5099
54,109,2,999,6,3,93,-36,4,5228
40,207,3,999,6,3,93,-42,4,5228
58,173,6,999,6,-3,92,-46,4,5099
58,175,6,999,6,3,93,-42,4,5228
36,379,6,999,6,3,93,-36,4,5228
30,105,6,999,6,3,93,-36,4,5228
45,544,6,999,6,3,93,-42,4,5228
40,401,6,999,8,2,93,-42,4,5195
42,84,2,999,6,3,93,-42,4,5228
43,128,7,999,6,-3,92,-46,4,5099
24,86,6,999,6,3,93,-42,4,5228
49,549,3,999,6,3,93,-42,4,5228
55,6,6,999,6,-3,94,-37,5,4963
49,183,6,999,6,3,93,-36,4,5228
48,291,6,999,6,3,94,-41,4,5228
49,151,6,999,6,3,93,-36,4,5228
40,98,6,999,6,3,93,-36,4,5191
35,301,2,999,6,-3,92,-46,4,5099
32,16,66,999,6,3,93,-36,4,5191
67,655,2,5,5,-3,94,-50,4,4963
41,170,4,999,6,-3,92,-46,4,5099
73,179,6,999,6,-3,92,-50,4,5099
32,73,7,999,6,3,93,-36,4,5191
33,113,3,999,6,3,93,-36,4,5228
36,86,4,999,6,-3,92,-46,4,5099
40,180,6,999,8,2,93,-42,4,5195
25,212,2,999,6,3,93,-42,4,5228
60,130,2,999,6,-2,92,-31,5,5076
45,391,6,999,6,3,93,-42,4,5228
33,91,2,999,6,2,93,-42,4,5195
31,280,7,999,6,3,93,-36,4,5228
48,750,2,999,6,3,93,-36,4,5191
42,257,6,999,6,-3,93,-47,4,5099
40,454,3,999,6,3,93,-36,4,5228
30,171,6,7,8,-3,94,-39,5,4991
41,38,6,999,6,3,94,-41,4,5228
36,23,64,999,6,3,93,-36,4,5228
41,268,6,999,6,2,93,-42,4,5195
60,112,6,999,6,3,93,-36,4,5191
32,363,6,999,8,-3,92,-46,4,5099
44,775,5,999,8,-3,92,-46,4,5099
25,164,6,999,6,3,93,-42,4,5228
30,988,6,999,6,3,93,-42,4,5228
25,109,6,999,6,3,94,-41,4,5228
31,132,6,999,6,3,93,-36,4,5228
44,471,3,999,6,3,94,-41,4,5228
29,259,6,999,6,3,93,-42,4,5228
47,42,6,999,6,3,93,-36,4,5191
18,385,6,3,8,-3,92,-29,5,5017
25,125,4,999,6,3,93,-36,4,5191
29,886,3,999,6,3,93,-36,4,5191
53,51,4,999,6,3,93,-36,4,5228
36,406,6,999,6,3,93,-36,4,5228
45,185,6,999,6,3,94,-41,4,5228
31,154,6,999,6,2,93,-40,4,5195
54,34,66,999,6,3,94,-41,4,5228
51,334,2,999,6,3,94,-41,4,5228
44,955,2,999,6,-3,92,-46,4,5099
24,545,2,999,6,3,93,-42,4,5228
40,124,6,999,6,3,93,-36,4,5228
39,126,2,999,6,3,93,-36,4,5191
44,659,6,999,8,-3,92,-46,4,5099
44,230,6,999,6,-3,93,-47,4,5099
52,699,2,999,6,3,94,-41,4,5228
51,809,6,999,8,-3,92,-46,4,5099
38,1276,6,999,6,-3,92,-46,4,5099
34,83,2,999,8,-3,92,-46,4,5099
23,251,6,999,6,3,93,-42,4,5228
30,25,6,999,6,3,93,-36,4,5191
26,389,6,999,6,3,93,-36,4,5191
24,696,6,999,2,-2,92,-40,4,5076
34,102,2,999,6,2,93,-42,4,5195
59,701,6,999,6,3,94,-41,4,5228
32,342,3,999,6,-3,92,-46,4,5099
27,161,6,999,6,3,94,-41,4,5228
39,223,6,999,6,3,93,-36,4,5228
29,34,8,999,6,-3,92,-46,4,5099
42,275,8,999,6,3,93,-36,4,5228
60,230,6,999,6,3,93,-42,4,5228
30,81,2,999,6,3,93,-36,4,5228
38,172,3,999,6,-3,92,-46,4,5099
49,139,2,999,6,3,93,-36,4,5228
30,232,2,999,8,-3,92,-46,4,5099
41,239,6,999,6,-3,92,-46,4,5099
56,143,2,999,6,3,94,-41,4,5228
58,127,2,999,6,-3,92,-46,4,5099
52,291,6,999,8,-3,93,-47,4,5099
32,173,3,999,6,3,93,-42,4,5228
51,131,2,999,4,-3,93,-40,5,5008
31,73,6,999,6,3,93,-36,4,5228
34,36,6,999,6,3,93,-36,4,5228
60,600,2,999,6,3,93,-36,4,5228
36,334,3,999,6,-3,92,-46,4,5099
30,177,6,999,6,3,93,-36,4,5191
51,263,2,999,6,-2,92,-40,4,5076
26,159,2,999,6,3,93,-42,4,5228
39,217,3,999,6,3,93,-36,4,5228
38,477,66,999,6,3,93,-36,4,5191
41,216,6,999,6,3,93,-36,4,5191
43,329,2,999,6,3,93,-36,4,5191
60,101,3,999,6,3,93,-36,4,5191
28,151,7,999,6,3,94,-41,4,5228
34,144,5,999,6,3,93,-42,4,5228
64,604,2,999,6,-3,94,-49,5,4963
35,634,2,999,6,3,93,-36,4,5191
40,107,4,999,6,3,93,-42,4,5228
46,245,2,999,8,-3,92,-46,4,5099
33,690,6,999,6,-2,92,-40,4,5076
74,160,6,999,6,-3,94,-49,5,4963
40,286,6,999,6,3,93,-36,4,5228
46,93,3,999,6,3,93,-42,4,5228
41,72,6,999,6,3,93,-42,4,5228
30,103,2,999,6,3,93,-36,4,5228
44,201,6,999,6,-3,92,-46,4,5099
47,153,60,999,6,3,93,-36,4,5228
50,74,6,999,6,3,93,-36,4,5191
29,245,6,999,6,-3,92,-46,4,5099
51,314,4,999,6,-3,92,-46,4,5099
52,136,2,999,6,3,93,-36,4,5191
27,198,3,999,6,-3,93,-47,4,5099
44,249,6,999,6,3,94,-41,4,5228
34,123,2,999,6,-3,92,-46,4,5099
23,226,2,999,8,-3,94,-49,4,4963
30,136,2,999,6,3,93,-42,4,5228
26,113,2,999,6,-3,92,-46,4,5099
35,262,3,999,6,-3,92,-46,4,5099
24,141,4,999,6,3,93,-42,4,5228
38,1058,6,999,6,3,93,-42,4,5228
36,263,3,999,6,3,93,-36,4,5191
24,299,3,999,6,3,93,-42,4,5228
31,181,2,999,6,3,93,-36,4,5228
41,206,6,999,6,3,93,-36,4,5228
39,168,2,999,6,3,93,-36,4,5191
36,90,4,999,6,3,94,-41,4,5228
47,441,2,999,6,3,93,-36,4,5191
33,285,6,999,6,-3,93,-47,4,5099
34,135,3,999,6,2,93,-42,4,5195
42,286,3,999,6,3,93,-36,4,5191
51,11,4,999,6,2,93,-42,4,5195
34,195,6,999,6,3,93,-42,4,5228
33,275,6,999,6,3,93,-36,4,5228
37,292,6,6,8,-3,94,-40,5,4991
33,9,6,999,6,-3,94,-40,5,4991
36,73,2,999,6,3,93,-36,4,5228
43,81,6,999,6,2,93,-42,4,5195
47,298,3,999,6,3,93,-42,4,5228
32,224,6,999,6,3,93,-36,4,5228
42,1013,3,999,6,-3,94,-38,5,4991
36,248,6,999,6,2,93,-42,4,5195
42,100,6,999,6,3,93,-36,4,5191
31,285,2,999,6,-3,93,-47,4,5099
41,141,6,999,6,3,93,-42,4,5228
31,1319,5,999,6,3,93,-42,4,5228
36,146,2,999,6,-2,92,-40,4,5076
46,227,2,999,6,-3,92,-46,4,5099
35,49,3,999,6,2,93,-42,4,5195
30,212,6,999,6,3,93,-36,4,5191
35,294,6,999,6,3,93,-36,4,5191
47,190,6,999,6,3,93,-36,4,5191
35,130,2,999,6,-3,92,-46,4,5099
77,160,6,3,6,-3,94,-38,5,4991
39,575,2,999,6,3,93,-36,4,5191
37,49,4,999,6,3,93,-42,4,5228
31,237,6,999,6,3,93,-36,4,5191
49,388,6,999,6,3,93,-42,4,5228
57,83,4,999,6,3,93,-42,4,5228
33,155,6,999,6,3,94,-41,4,5228
35,115,6,999,6,3,93,-36,4,5191
39,861,6,999,8,-3,93,-47,4,5099
34,95,6,999,6,-3,92,-46,4,5099
32,180,2,999,6,3,94,-41,4,5228
35,618,6,999,6,3,94,-41,4,5228
53,59,3,999,6,3,93,-36,4,5228
30,31,2,999,6,3,93,-42,4,5228
30,114,2,999,6,3,93,-36,4,5191
44,271,2,999,8,-3,93,-47,4,5099
50,23,64,999,6,3,93,-36,4,5228
56,167,3,999,6,3,93,-36,4,5191
58,145,2,999,6,-2,92,-40,4,5076
54,322,2,999,6,3,94,-41,4,5228
40,130,6,7,2,-3,92,-30,5,5017
31,103,2,999,6,3,93,-42,4,5228
41,181,6,999,8,-3,92,-46,4,5099
31,361,6,999,6,-3,92,-46,4,5099
39,200,6,999,6,-3,92,-46,4,5099
37,166,4,999,6,3,93,-36,4,5191
41,94,2,999,6,3,94,-41,4,5228
50,367,6,999,6,3,93,-42,4,5228
49,187,6,999,6,3,93,-36,4,5191
31,197,2,999,6,3,93,-36,4,5191
35,218,2,6,8,-3,93,-34,5,5008
52,412,6,999,6,3,93,-36,4,5191
33,166,3,999,6,3,93,-36,4,5191
32,299,3,999,6,-3,92,-46,4,5099
35,584,6,999,6,-3,93,-47,4,5099
54,204,6,999,8,-2,92,-31,5,5076
27,509,4,999,6,3,93,-42,4,5228
52,280,6,999,6,3,93,-36,4,5191
32,131,6,999,6,-2,92,-31,5,5076
36,27,6,999,8,-3,92,-46,4,5099
27,584,6,999,6,-3,92,-46,4,5099
39,78,2,999,6,2,93,-42,4,5195
34,77,3,999,6,-3,93,-47,4,5099
35,162,6,999,6,3,93,-36,4,5191
32,180,6,999,6,3,93,-36,4,5191
42,96,6,999,8,-2,92,-31,5,5076
42,651,2,999,8,2,93,-42,4,5195
37,415,6,999,6,3,93,-36,4,5191
34,85,3,999,6,2,93,-42,4,5195
27,130,6,999,6,3,93,-42,4,5228
49,1149,2,999,6,3,94,-41,4,5228
35,235,4,999,6,3,93,-36,4,5191
22,110,7,999,6,3,93,-42,4,5228
45,105,6,999,6,3,93,-36,4,5191
29,42,6,999,6,3,93,-42,4,5228
59,240,3,999,8,-2,92,-31,5,5076
55,228,2,999,6,3,94,-41,4,5228
32,366,4,999,6,2,93,-42,4,5195
49,284,6,999,6,3,93,-42,4,5228
43,193,2,999,6,3,94,-41,4,5228
47,181,6,999,6,-3,92,-46,4,5099
41,102,6,999,6,-3,92,-46,4,5099
50,192,2,999,6,3,93,-36,4,5191
46,148,2,999,6,2,93,-42,4,5195
32,184,9,999,6,3,93,-36,4,5191
47,431,3,999,6,3,93,-42,4,5228
54,82,2,999,6,3,93,-36,4,5191
29,135,3,999,8,-3,93,-34,5,5008
33,157,6,999,6,-3,93,-34,5,5008
31,608,3,6,2,-3,94,-40,5,4991
27,339,2,999,8,-3,92,-46,4,5099
25,244,6,999,6,-3,94,-50,4,4963
34,686,6,999,6,2,93,-42,4,5195
35,165,5,999,6,3,93,-36,4,5191
37,211,6,999,6,-3,92,-46,4,5099
34,455,3,999,6,3,93,-36,4,5228
33,807,3,999,8,-3,92,-46,4,5099
54,204,4,999,6,3,93,-36,4,5228
30,175,6,999,8,2,93,-42,4,5195
40,258,2,999,6,3,94,-41,4,5228
37,44,2,999,6,-3,93,-47,4,5099
34,73,6,999,6,-3,93,-47,4,5099
25,147,60,999,6,3,93,-42,4,5228
59,17,68,999,6,3,93,-36,4,5228
25,420,6,1,8,-3,92,-29,5,5017
58,344,2,999,6,-3,94,-50,4,4963
42,385,6,999,6,3,93,-42,4,5228
33,182,6,999,6,-3,92,-46,4,5099
50,80,6,999,6,3,93,-36,4,5228
39,393,6,999,6,3,93,-36,4,5191
30,638,4,999,6,3,93,-36,4,5228
33,641,6,999,6,3,93,-36,4,5191
33,21,6,999,6,3,93,-36,4,5191
41,446,2,999,6,3,93,-36,4,5191
36,170,4,999,6,3,93,-36,4,5191
44,96,6,999,6,2,93,-42,4,5195
57,1348,4,999,6,-3,93,-47,4,5099
40,85,2,999,6,3,93,-36,4,5191
42,148,9,999,6,3,93,-36,4,5191
41,23,67,999,6,3,93,-36,4,5191
41,324,6,999,6,-3,94,-38,5,4991
33,331,6,999,6,3,93,-36,4,5228
32,40,5,999,6,3,93,-42,4,5228
45,550,2,999,6,3,93,-36,4,5191
29,442,3,999,6,-2,92,-40,4,5076
35,178,6,999,8,2,93,-42,4,5195
35,110,2,18,2,-3,94,-37,5,4963
86,211,6,7,4,-3,94,-37,5,4963
45,27,2,999,6,3,93,-36,4,5228
34,388,2,999,6,3,93,-36,4,5191
41,545,2,999,6,-3,94,-50,4,4963
50,146,6,999,8,-3,92,-46,4,5099
28,166,6,999,6,-3,92,-46,4,5099
33,139,2,999,6,3,93,-36,4,5191
42,301,6,999,6,-3,92,-46,4,5099
43,218,3,999,6,3,93,-36,4,5191
42,179,6,6,8,-3,92,-33,5,5023
56,360,6,999,6,3,93,-36,4,5228
29,489,6,999,6,3,93,-42,4,5228
31,125,3,999,6,3,93,-42,4,5228
31,304,2,999,6,3,93,-42,4,5228
28,189,6,999,6,-3,92,-46,4,5099
43,377,6,999,6,3,93,-42,4,5228
44,728,6,999,6,-3,92,-46,4,5099
43,128,22,999,6,3,93,-42,4,5228
41,278,6,999,6,-3,94,-49,5,4963
31,387,6,999,6,-2,92,-31,5,5076
59,29,9,999,6,3,93,-36,4,5191
32,71,4,999,6,3,93,-42,4,5228
24,292,6,999,8,-3,94,-39,5,4991
31,767,2,999,6,3,94,-41,4,5228
38,1476,4,999,6,2,93,-42,4,5195
37,176,6,999,6,-3,92,-46,4,5099
33,52,4,999,6,3,93,-42,4,5228
27,150,4,999,6,3,93,-42,4,5228
34,285,6,999,6,3,93,-36,4,5191
46,32,6,999,8,2,93,-42,4,5195
30,227,6,999,6,3,93,-42,4,5228
31,12,8,999,6,2,93,-42,4,5195
56,171,6,999,6,3,93,-36,4,5191
52,183,6,999,6,3,93,-42,4,5228
30,501,2,999,6,3,93,-42,4,5228
34,381,3,999,6,3,94,-41,4,5228
31,142,6,999,6,-3,92,-26,5,5017
33,482,6,12,8,-3,94,-50,4,4963
33,117,6,999,6,-3,93,-47,4,5099
30,14,63,999,6,3,93,-36,4,5228
28,69,6,999,6,-3,93,-47,4,5099
24,240,4,999,6,-3,92,-46,4,5099
41,389,2,999,6,-3,92,-46,4,5099
26,326,4,999,6,3,93,-36,4,5191
40,387,4,999,6,3,93,-36,4,5191
45,569,4,999,6,-3,92,-29,5,5017
42,160,2,999,6,3,94,-41,4,5228
41,697,2,999,6,3,93,-36,4,5228
56,313,2,999,6,3,93,-36,4,5191
25,581,3,999,2,-3,93,-40,5,5008
25,23,6,999,6,-3,92,-46,4,5099
33,659,6,999,6,-3,92,-46,4,5099
34,103,6,999,6,-3,92,-46,4,5099
36,243,6,999,8,-2,92,-33,4,5076
75,229,6,999,2,-3,94,-40,5,4991
38,79,6,999,6,2,93,-42,4,5195
28,111,6,999,8,-2,92,-31,5,5076
56,102,6,999,6,3,93,-36,4,5228
58,15,62,999,6,3,94,-41,4,5228
30,408,6,999,6,3,93,-36,4,5191
48,286,6,999,6,3,93,-36,4,5228
30,53,6,999,6,3,93,-42,4,5228
43,164,2,999,6,3,93,-36,4,5191
33,305,2,999,6,-3,92,-46,4,5099
36,316,2,999,8,-3,93,-47,4,5099
54,577,3,999,6,3,93,-42,4,5228
29,90,6,999,6,3,93,-42,4,5228
28,454,6,999,8,-3,92,-33,5,5023
59,69,6,999,6,-3,92,-46,4,5099
45,427,4,999,8,-3,93,-47,4,5099
32,25,63,999,6,3,93,-36,4,5228
55,217,2,999,6,3,93,-36,4,5191
29,139,6,999,6,3,93,-36,4,5228
31,257,2,999,6,3,93,-36,4,5191
34,107,6,999,6,3,93,-36,4,5228
25,214,2,999,6,3,94,-41,4,5228
35,105,6,4,3,-3,92,-33,5,5023
49,146,6,999,6,3,93,-36,4,5191
35,19,6,999,6,3,93,-42,4,5228
36,65,6,999,8,-3,92,-46,4,5099
29,281,2,999,6,2,93,-42,4,5195
30,229,2,999,6,2,93,-42,4,5195
24,114,6,999,6,3,93,-42,4,5228
47,243,4,999,6,-2,92,-40,4,5076
32,80,4,999,6,-3,92,-46,4,5099
34,468,6,999,6,3,93,-36,4,5228
34,101,4,999,8,-3,92,-46,4,5099
39,83,2,999,6,3,94,-41,4,5228
47,74,6,999,2,-3,92,-46,4,5099
32,67,6,999,6,-3,92,-46,4,5099
29,438,6,999,6,3,93,-42,4,5228
57,12,5,999,6,3,94,-41,4,5228
49,582,6,999,6,2,93,-42,4,5195
42,721,60,999,6,3,93,-42,4,5228
29,142,2,999,6,3,93,-36,4,5228
34,224,3,999,6,3,93,-36,4,5191
51,212,6,999,6,-3,92,-46,4,5099
47,295,6,999,6,-3,92,-46,4,5099
53,247,5,999,2,-3,93,-34,5,5008
28,236,2,999,6,3,93,-42,4,5228
27,184,6,999,8,-3,94,-49,4,4963
23,104,6,999,2,-3,94,-40,5,4991
30,200,6,999,8,-3,94,-38,5,4991
42,172,6,999,6,-3,92,-46,4,5099
38,190,2,999,6,3,94,-41,4,5228
29,245,6,999,6,-3,93,-47,4,5099
44,31,6,999,8,-3,92,-46,4,5099
59,204,2,999,6,3,93,-36,4,5228
45,165,3,999,8,2,93,-42,4,5195
51,93,6,999,6,3,94,-41,4,5228
28,114,2,999,6,3,93,-36,4,5191
29,94,2,999,6,3,93,-36,4,5228
28,477,2,999,8,-3,93,-47,4,5099
29,231,2,999,6,-3,92,-46,4,5099
40,142,3,999,6,3,94,-41,4,5228
43,221,2,999,6,-3,92,-46,4,5099
54,218,6,999,6,3,93,-42,4,5228
42,370,5,999,6,-3,92,-46,4,5099
55,336,6,999,8,-3,92,-46,4,5099
49,121,6,999,6,3,93,-42,4,5228
52,84,3,999,6,3,93,-36,4,5228
32,52,8,999,6,3,93,-36,4,5228
23,69,3,999,6,3,93,-42,4,5228
34,42,7,999,6,2,93,-42,4,5195
36,98,3,999,6,3,93,-42,4,5228
54,218,2,999,6,3,93,-36,4,5228
39,51,6,999,6,3,93,-36,4,5191
50,57,6,999,6,-3,94,-37,5,4963
30,181,2,999,6,-2,92,-40,4,5076
27,1170,6,999,6,3,93,-36,4,5191
32,147,4,999,6,3,93,-36,4,5191
54,71,4,999,6,3,94,-41,4,5228
40,135,6,999,6,3,93,-42,4,5228
50,157,6,999,8,-3,92,-46,4,5099
35,146,2,999,6,-3,92,-46,4,5099
26,355,6,999,8,-3,94,-37,5,4963
45,99,6,999,6,3,93,-36,4,5228
28,180,6,999,6,3,93,-36,4,5191
28,101,2,999,6,3,93,-36,4,5191
50,121,2,999,6,3,93,-36,4,5191
31,55,62,999,6,3,94,-41,4,5228
34,114,6,999,6,3,93,-36,4,5228
56,368,5,999,6,3,93,-42,4,5228
29,103,4,999,6,3,93,-42,4,5228
58,233,2,999,6,3,93,-36,4,5228
46,471,3,999,6,-3,92,-46,4,5099
35,131,6,999,6,3,93,-36,4,5191
34,281,6,999,6,-3,92,-46,4,5099
39,297,6,999,6,-3,93,-47,4,5099
40,165,6,999,8,2,93,-42,4,5195
40,117,6,999,6,3,93,-36,4,5228
54,71,5,999,6,3,93,-42,4,5228
25,94,2,999,6,-2,92,-40,4,5076
40,155,3,999,6,-3,92,-29,5,5017
49,67,3,999,6,3,94,-41,4,5228
41,228,6,999,8,-3,94,-37,5,4963
32,549,2,999,6,3,93,-42,4,5228
44,39,2,999,6,3,94,-41,4,5228
41,1360,3,999,6,3,93,-42,4,5228
30,433,2,999,6,3,93,-36,4,5228
27,352,6,999,6,-3,92,-46,4,5099
41,152,3,999,6,3,93,-36,4,5191
36,38,6,999,8,-3,92,-46,4,5099
54,134,6,999,6,2,93,-42,4,5195
30,165,6,999,8,-3,93,-40,5,5008
25,81,6,999,8,-2,92,-31,5,5076
42,59,2,999,6,2,93,-42,4,5195
36,255,2,999,6,-3,92,-46,4,5099
45,99,6,999,6,3,93,-36,4,5191
38,257,2,999,6,3,93,-36,4,5191
38,160,6,999,6,3,93,-36,4,5191
34,78,2,999,6,3,94,-41,4,5228
44,217,3,999,8,-3,92,-46,4,5099
37,37,6,999,6,-3,92,-46,4,5099
39,650,3,999,6,3,93,-36,4,5191
57,230,6,999,6,3,93,-42,4,5228
34,64,4,999,6,3,93,-42,4,5228
25,112,6,999,6,3,94,-41,4,5228
52,152,2,999,8,-3,93,-47,4,5099
23,104,6,999,6,-3,92,-46,4,5099
57,101,6,999,6,3,93,-36,4,5191
50,206,6,999,6,2,93,-42,4,5195
46,63,6,999,6,3,94,-41,4,5228
43,339,3,999,6,3,93,-36,4,5191
38,136,2,999,8,2,93,-42,4,5195
53,148,2,999,6,3,93,-36,4,5191
35,221,6,999,6,2,93,-42,4,5195
28,289,6,999,6,3,93,-42,4,5228
25,155,6,999,6,3,93,-36,4,5191
56,311,5,999,6,3,93,-36,4,5191
56,17,69,999,6,3,93,-42,4,5228
33,326,5,999,6,3,94,-41,4,5228
31,213,6,999,6,3,93,-36,4,5228
48,544,6,999,6,-3,94,-38,5,4991
45,173,6,999,6,3,94,-41,4,5228
24,160,6,999,6,-3,92,-26,5,5017
33,341,6,999,6,-3,92,-46,4,5099
38,121,4,999,6,-3,93,-47,4,5099
48,148,6,999,6,3,93,-36,4,5228
28,22,5,999,6,-3,92,-46,4,5099
50,153,3,999,6,3,93,-36,4,5191
29,281,3,999,6,3,94,-41,4,5228
38,177,3,999,6,3,93,-36,4,5191
18,297,6,999,6,-3,94,-38,5,4991
31,43,6,999,6,-3,92,-46,4,5099
34,487,5,999,6,3,93,-42,4,5228
38,43,9,999,6,3,94,-41,4,5228
57,26,5,12,8,-3,92,-46,4,5099
35,432,6,999,6,3,93,-36,4,5191
77,258,6,999,6,-3,94,-38,5,4991
29,532,6,999,6,3,93,-42,4,5228
46,153,2,999,6,3,93,-42,4,5228
21,286,2,999,6,-3,94,-39,5,4991
43,75,6,999,6,-2,92,-31,5,5076
43,294,2,999,6,3,93,-42,4,5228
31,146,2,12,3,-3,94,-49,5,4963
39,367,6,999,6,3,94,-41,4,5228
44,228,2,999,6,3,93,-42,4,5228
32,53,6,999,8,-3,92,-46,4,5099
43,79,6,999,8,-3,92,-46,4,5099
48,11,6,999,6,-3,94,-37,5,4963
28,557,6,999,6,3,93,-36,4,5191
36,55,6,999,8,-3,92,-46,4,5099
52,26,5,999,8,2,93,-42,4,5195
34,541,3,999,8,-3,92,-46,4,5099
37,115,4,999,6,3,93,-36,4,5191
25,101,6,999,6,-3,92,-46,4,5099
48,69,6,999,6,3,93,-36,4,5228
36,113,4,999,6,3,93,-36,4,5191
27,148,6,999,6,3,93,-36,4,5191
34,151,2,999,6,-3,93,-47,4,5099
42,73,6,999,8,-3,93,-47,4,5099
37,117,6,999,6,3,93,-42,4,5228
41,142,2,999,6,3,94,-41,4,5228
51,62,6,999,6,2,93,-42,4,5195
27,84,3,999,6,3,93,-42,4,5228
35,199,6,999,6,3,93,-42,4,5228
31,90,6,999,6,2,93,-42,4,5195
31,5,6,999,6,-3,94,-37,5,4963
31,280,6,999,6,3,93,-42,4,5228
64,239,4,999,6,-3,94,-38,5,4991
33,35,6,999,6,-3,92,-46,4,5099
41,150,2,999,8,-3,93,-47,4,5099
34,423,6,999,6,3,94,-41,4,5228
41,135,6,999,6,2,93,-42,4,5195
36,70,6,999,6,2,93,-42,4,5195
59,59,8,999,6,3,94,-41,4,5228
56,941,3,999,6,3,94,-41,4,5228
59,422,3,999,6,3,93,-36,4,5191
32,59,6,999,6,2,93,-42,4,5195
40,34,3,999,6,3,93,-36,4,5191
38,64,6,3,3,-3,92,-30,5,5017
34,248,2,999,6,3,93,-36,4,5191
41,258,2,999,6,3,93,-36,4,5228
33,31,6,999,6,3,93,-42,4,5228
31,113,2,999,6,3,93,-36,4,5228
29,168,4,999,8,-3,92,-46,4,5099
38,247,5,999,6,3,94,-41,4,5228
24,224,6,999,6,-3,92,-50,4,5099
34,22,66,999,6,-3,92,-46,4,5099
27,201,6,999,6,-3,92,-46,4,5099
32,319,6,999,8,-3,92,-46,4,5099
49,59,2,999,6,3,93,-42,4,5228
36,372,6,999,6,3,93,-42,4,5228
46,155,6,999,6,3,93,-42,4,5228
47,313,6,999,6,3,93,-36,4,5191
37,73,3,999,6,3,93,-36,4,5191
31,582,2,999,8,-3,92,-46,4,5099
36,232,4,999,6,3,93,-36,4,5191
30,173,2,15,4,-3,94,-37,5,4963
32,100,6,999,8,2,93,-42,4,5195
54,42,6,999,6,-2,92,-40,4,5076
51,653,6,999,6,3,93,-36,4,5191
28,136,6,999,6,3,93,-42,4,5228
54,397,6,999,8,-3,92,-46,4,5099
31,101,63,999,6,3,93,-36,4,5191
57,259,6,999,8,-3,92,-46,4,5099
49,317,6,999,6,-2,92,-40,4,5076
45,157,3,999,6,3,93,-36,4,5191
33,258,8,999,6,-3,93,-47,4,5099
53,136,6,999,8,-3,92,-46,4,5099
26,1447,2,999,6,-3,92,-50,4,5099
31,56,2,999,6,3,93,-36,4,5228
32,999,3,999,6,3,93,-36,4,5191
29,321,6,999,6,3,93,-42,4,5228
31,191,6,999,6,3,93,-36,4,5228
29,1143,4,999,6,-3,92,-46,4,5099
49,667,3,999,6,3,93,-36,4,5191
26,15,7,999,6,-3,92,-46,4,5099
43,73,6,999,6,3,93,-36,4,5191
56,71,4,999,6,3,93,-36,4,5191
29,228,3,999,6,3,93,-36,4,5228
31,17,5,999,8,2,93,-42,4,5195
50,215,3,999,6,3,93,-42,4,5228
37,242,6,999,6,3,93,-42,4,5228
42,105,6,999,6,3,93,-36,4,5191
30,209,6,999,6,2,93,-42,4,5195
25,59,3,999,6,3,93,-42,4,5228
35,197,6,3,8,2,93,-42,4,5195
37,68,6,999,8,2,93,-42,4,5195
30,164,3,999,6,2,93,-42,4,5195
33,1132,2,999,6,3,93,-36,4,5191
36,146,2,999,6,3,93,-36,4,5191
46,60,3,999,6,3,93,-36,4,5191
51,280,2,999,8,-2,92,-40,4,5076
33,396,2,999,6,3,93,-36,4,5228
26,194,3,999,6,3,93,-36,4,5191
40,155,6,999,6,3,93,-36,4,5191
25,1068,3,999,6,-3,92,-46,4,5099
38,772,6,999,6,3,93,-36,4,5191
54,337,6,999,6,-3,92,-46,4,5099
50,137,6,999,6,3,93,-42,4,5228
36,7,6,999,6,-3,92,-46,4,5099
43,213,2,999,6,3,93,-36,4,5228
57,322,2,999,6,-3,93,-47,4,5099
38,161,6,999,8,-3,92,-46,4,5099
27,137,2,999,6,3,93,-36,4,5191
35,400,6,999,6,2,93,-42,4,5195
28,124,2,999,6,3,93,-42,4,5228
57,161,6,999,6,3,93,-36,4,5228
40,22,5,999,6,2,93,-42,4,5195
43,197,2,999,6,3,93,-42,4,5228
34,122,6,999,8,-3,93,-47,4,5099
67,140,2,999,6,-3,92,-26,5,5017
48,309,6,999,6,2,93,-42,4,5195
35,200,4,999,8,-3,92,-46,4,5099
27,409,6,1,8,-3,92,-46,4,5099
25,103,6,999,6,3,93,-42,4,5228
42,50,2,999,6,-3,92,-46,4,5099
47,208,2,999,6,3,93,-36,4,5191
49,13,2,999,6,2,93,-42,4,5195
36,458,6,999,6,-3,92,-46,4,5099
35,200,3,999,6,3,94,-41,4,5228
29,127,6,999,6,2,93,-42,4,5195
45,124,3,999,6,3,94,-41,4,5228
53,95,6,999,6,3,93,-36,4,5191
41,114,3,999,6,3,93,-36,4,5228
50,65,67,999,6,3,94,-41,4,5228
31,161,2,999,6,3,93,-36,4,5191
46,174,3,999,6,-3,92,-46,4,5099
36,713,4,999,6,3,93,-36,4,5191
43,133,6,999,6,3,94,-41,4,5228
48,201,6,999,6,3,93,-36,4,5191
31,215,2,999,8,-3,92,-46,4,5099
21,820,2,999,6,-3,93,-47,4,5099
56,310,6,999,6,-3,92,-46,4,5099
54,255,3,999,6,3,94,-41,4,5228
44,43,2,999,6,2,93,-42,4,5195
31,91,6,999,6,3,93,-36,4,5228
50,587,2,999,8,-2,92,-31,5,5076
48,288,6,0,3,-3,94,-38,5,4991
26,181,2,999,6,-2,92,-40,4,5076
37,320,2,999,6,3,93,-36,4,5191
37,100,6,999,6,-2,92,-40,4,5076
50,144,6,999,6,3,93,-36,4,5191
47,653,5,999,6,3,93,-36,4,5228
41,128,6,999,6,-3,92,-46,4,5099
32,22,67,999,6,3,94,-41,4,5228
38,177,2,999,6,-2,92,-40,4,5076
48,288,6,999,8,-3,94,-40,5,4991
46,566,2,999,6,3,93,-36,4,5191
48,318,2,999,6,3,93,-36,4,5191
38,107,3,999,6,3,93,-36,4,5191
38,748,2,999,6,3,93,-36,4,5228
55,599,4,999,6,3,93,-42,4,5228
27,101,3,999,6,3,93,-42,4,5228
28,223,3,999,2,-3,94,-50,4,4963
29,411,6,999,6,3,94,-41,4,5228
47,149,2,999,6,3,93,-42,4,5228
34,1185,3,999,6,3,93,-36,4,5191
51,398,2,999,8,-3,92,-46,4,5099
40,65,6,999,6,3,93,-36,4,5228
38,169,6,999,6,3,94,-41,4,5228
42,212,6,999,6,-3,92,-46,4,5099
30,266,3,999,6,3,93,-42,4,5228
36,427,6,999,6,3,93,-36,4,5191
33,113,6,999,6,3,94,-41,4,5228
47,51,3,999,6,-3,93,-47,4,5099
33,272,2,999,6,-3,94,-37,5,4963
30,22,3,999,6,3,93,-42,4,5228
54,66,2,999,6,3,93,-36,4,5191
47,164,6,999,6,2,93,-42,4,5195
32,58,6,999,6,2,93,-42,4,5195
32,297,2,999,6,-3,92,-46,4,5099
38,26,6,999,2,-3,92,-46,4,5099
38,74,2,999,6,3,93,-36,4,5228
38,27,60,999,6,3,93,-36,4,5228
53,118,7,999,6,3,93,-42,4,5228
26,112,3,999,6,3,93,-36,4,5191
27,169,2,999,6,3,93,-36,4,5191
38,103,6,999,6,-2,92,-40,4,5076
41,679,2,999,6,3,93,-36,4,5191
39,261,6,3,8,-3,92,-29,5,5017
48,352,2,999,6,3,93,-42,4,5228
32,16,6,999,6,3,94,-41,4,5228
35,39,6,999,6,3,93,-36,4,5191
51,107,6,999,6,3,93,-36,4,5228
35,8,5,999,6,-3,92,-46,4,5099
60,18,4,999,6,-3,93,-47,4,5099
28,94,2,999,6,3,93,-42,4,5228
52,167,6,10,4,-2,92,-31,5,5076
35,497,2,999,6,3,94,-41,4,5228
27,134,6,3,8,-3,92,-46,4,5099
34,481,6,999,6,3,93,-42,4,5228
36,217,6,999,6,2,93,-42,4,5195
28,140,6,999,6,3,93,-36,4,5191
32,175,6,999,6,3,93,-36,4,5191
49,1065,3,999,6,3,93,-42,4,5228
55,430,2,999,6,2,93,-42,4,5195
50,229,6,999,8,-3,92,-33,5,5023
37,51,4,999,6,-3,92,-46,4,5099
35,276,3,999,6,3,94,-41,4,5228
58,154,6,999,8,-3,92,-33,5,5023
32,95,5,999,6,3,93,-36,4,5228
35,145,6,999,6,3,93,-36,4,5191
35,213,4,999,6,-3,92,-46,4,5099
26,136,3,999,6,-3,92,-46,4,5099
47,225,4,999,8,-3,93,-47,4,5099
29,68,6,999,6,-3,92,-46,4,5099
37,222,6,2,8,-3,92,-46,4,5099
32,239,66,999,6,3,93,-42,4,5228
46,181,2,999,6,3,93,-42,4,5228
36,166,5,999,6,3,93,-36,4,5191
35,121,4,999,6,-2,92,-40,4,5076
31,242,2,999,6,3,93,-42,4,5228
29,716,2,999,6,3,93,-36,4,5228
46,550,2,999,6,3,93,-42,4,5228
85,181,2,999,6,-3,92,-26,5,5017
29,20,6,999,6,-3,92,-46,4,5099
31,165,2,999,6,-3,92,-46,4,5099
34,54,6,999,6,3,93,-42,4,5228
29,215,6,999,6,2,93,-42,4,5195
46,62,7,999,6,3,93,-42,4,5228
29,760,6,999,6,-3,92,-46,4,5099
54,253,3,999,6,3,93,-36,4,5191
26,112,5,999,6,-3,94,-50,4,4963
27,143,6,999,6,-3,92,-46,4,5099
57,10,5,999,8,-3,92,-46,4,5099
32,158,5,999,6,3,93,-36,4,5228
35,87,6,999,6,3,93,-36,4,5191
32,77,2,999,6,2,93,-42,4,5195
59,551,4,999,6,3,93,-42,4,5228
29,193,6,999,6,-3,92,-46,4,5099
37,155,6,999,6,3,93,-36,4,5191
40,675,5,999,6,3,94,-41,4,5228
55,482,6,999,6,3,93,-36,4,5228
33,46,3,999,6,3,93,-36,4,5228
36,193,3,999,6,-3,93,-47,4,5099
59,204,4,999,6,3,94,-41,4,5228
34,484,3,999,6,-3,92,-46,4,5099
30,34,2,999,8,-3,92,-46,4,5099
29,48,7,999,6,3,93,-42,4,5228
34,281,2,999,8,-3,92,-46,4,5099
47,162,6,999,6,3,93,-36,4,5191
41,89,2,999,6,3,93,-42,4,5228
30,107,6,999,6,-2,92,-40,4,5076
33,68,6,999,6,3,93,-36,4,5228
33,211,6,999,6,3,93,-42,4,5228
33,333,6,999,8,-3,92,-46,4,5099
59,265,6,999,6,3,93,-36,4,5228
29,94,3,999,6,3,93,-36,4,5191
36,369,6,999,6,3,93,-36,4,5191
41,464,2,999,6,-3,93,-47,4,5099
55,362,6,999,6,3,94,-41,4,5228
39,997,2,999,6,2,93,-42,4,5195
48,69,6,999,6,3,93,-42,4,5228
56,177,5,999,6,3,93,-42,4,5228
63,173,6,999,6,-2,92,-31,5,5076
50,287,6,999,6,-3,92,-46,4,5099
42,454,3,999,6,3,93,-36,4,5191
43,114,6,999,6,3,94,-41,4,5228
32,51,6,999,6,2,93,-42,4,5195
28,218,6,999,6,-3,93,-47,4,5099
26,649,2,999,6,-3,92,-46,4,5099
24,470,6,999,6,3,93,-42,4,5228
38,278,6,999,6,3,94,-41,4,5228
30,175,6,999,6,2,93,-42,4,5195
29,13,9,999,8,-3,92,-46,4,5099
56,442,2,999,6,3,93,-42,4,5228
36,762,3,999,6,3,94,-41,4,5228
33,88,4,999,6,3,93,-42,4,5228
47,262,2,999,6,3,93,-36,4,5191
50,287,6,999,6,3,93,-36,4,5191
41,335,6,999,6,3,93,-36,4,5191
54,461,2,999,8,-3,93,-47,4,5099
32,108,3,999,6,-3,93,-47,4,5099
38,189,6,999,6,3,93,-36,4,5191
34,201,2,6,8,2,93,-42,4,5195
34,192,3,999,6,-3,92,-46,4,5099
55,591,3,999,6,2,93,-42,4,5195
31,201,2,999,6,3,93,-36,4,5228
43,225,6,999,6,3,93,-36,4,5191
59,458,9,999,6,3,93,-42,4,5228
53,758,2,999,2,-3,93,-34,5,5008
56,1551,6,999,2,-3,92,-29,5,5017
32,258,6,999,6,3,93,-42,4,5228
36,159,3,999,6,3,93,-42,4,5228
42,92,5,999,6,3,93,-36,4,5191
29,209,2,999,6,3,93,-36,4,5228
33,117,6,999,6,2,93,-42,4,5195
56,49,2,999,6,3,94,-41,4,5228
31,168,6,999,6,3,93,-36,4,5191
34,228,3,999,6,2,93,-42,4,5195
33,78,7,999,6,3,94,-41,4,5228
23,9,6,999,6,-3,92,-46,4,5099
26,11,3,999,6,3,93,-42,4,5228
55,106,6,999,6,3,93,-36,4,5228
47,60,6,999,6,3,94,-41,4,5228
36,324,5,999,6,3,94,-41,4,5228
33,369,2,999,6,3,93,-36,4,5191
60,557,2,999,6,3,93,-36,4,5191
49,142,2,999,6,3,93,-36,4,5191
35,35,6,999,6,3,93,-36,4,5191
47,480,6,999,6,3,93,-42,4,5228
30,207,6,999,6,3,93,-36,4,5191
27,869,2,999,6,3,94,-41,4,5228
36,259,6,999,6,3,93,-42,4,5228
46,222,3,999,6,-3,92,-46,4,5099
30,149,6,999,8,-3,92,-46,4,5099
88,82,2,999,6,-3,92,-50,4,5099
45,166,62,999,6,3,93,-36,4,5191
30,82,6,999,6,-3,93,-47,4,5099
43,461,2,999,6,3,94,-41,4,5228
48,27,67,999,6,3,93,-42,4,5228
56,98,6,999,6,3,93,-36,4,5191
42,617,6,999,6,3,93,-36,4,5191
30,63,6,999,6,3,93,-42,4,5228
56,77,5,999,6,3,94,-41,4,5228
35,61,2,999,6,3,93,-36,4,5228
39,206,6,999,6,3,93,-36,4,5191
49,96,6,999,6,-3,92,-46,4,5099
30,129,2,999,8,-3,92,-46,4,5099
39,979,9,999,6,3,94,-41,4,5228
32,119,2,999,6,3,93,-42,4,5228
59,630,3,999,6,3,93,-42,4,5228
38,234,6,999,6,3,93,-36,4,5228
49,354,6,999,6,3,93,-42,4,5228
28,502,3,999,6,3,93,-42,4,5228
39,451,4,3,8,-3,92,-46,4,5099
37,93,6,999,6,-3,92,-26,5,5017
51,250,3,999,6,3,94,-41,4,5228
31,241,6,999,6,3,93,-36,4,5191
59,142,6,999,6,3,93,-42,4,5228
46,304,2,999,6,3,93,-36,4,5191
36,296,6,999,6,3,93,-36,4,5191
28,651,5,999,6,3,94,-41,4,5228
31,102,4,999,6,3,93,-36,4,5191
26,188,6,999,6,3,93,-36,4,5191
36,221,8,999,6,3,93,-42,4,5228
50,57,3,999,6,2,93,-42,4,5195
41,263,6,999,6,-3,93,-47,4,5099
50,73,7,999,6,3,93,-42,4,5228
32,204,3,999,6,-3,92,-46,4,5099
56,83,3,999,8,-3,93,-47,4,5099
42,111,6,999,6,-3,92,-46,4,5099
38,407,2,999,6,3,93,-36,4,5191
36,12,5,999,6,-3,92,-46,4,5099
45,134,8,999,6,3,94,-41,4,5228
52,143,4,999,6,3,93,-42,4,5228
55,126,6,999,6,3,94,-41,4,5228
38,238,6,999,6,3,93,-36,4,5191
71,120,6,6,8,-3,92,-26,5,5017
22,91,6,999,6,3,93,-36,4,5191
30,331,2,999,6,2,93,-42,4,5195
78,754,2,3,2,-3,92,-46,4,5099
30,589,6,999,6,2,93,-42,4,5195
51,89,2,999,6,-3,93,-47,4,5099
35,123,3,999,6,3,93,-36,4,5228
26,92,2,999,6,-3,92,-30,5,5017
34,9,64,999,6,3,94,-41,4,5228
49,87,6,999,6,3,93,-36,4,5228
50,150,5,999,6,3,93,-42,4,5228
51,98,6,999,6,3,93,-36,4,5191
57,187,6,999,8,-2,92,-31,5,5076
33,76,2,999,6,2,93,-42,4,5195
35,41,3,999,6,3,93,-36,4,5191
37,609,2,7,3,-3,94,-40,5,4991
39,514,6,999,6,2,93,-42,4,5195
39,919,2,999,6,3,93,-36,4,5191
20,187,2,999,6,-3,92,-30,5,5017
55,530,6,999,6,3,93,-36,4,5191
27,72,6,999,6,2,93,-42,4,5195
33,595,2,999,6,3,93,-42,4,5228
24,226,6,999,6,3,93,-36,4,5191
39,168,6,999,6,3,93,-36,4,5228
55,142,3,999,6,3,93,-36,4,5228
35,108,2,999,6,3,93,-36,4,5191
55,526,4,999,8,-3,92,-46,4,5099
42,83,6,999,6,3,93,-36,4,5191
50,59,4,999,6,2,93,-42,4,5195
39,53,6,999,6,-3,92,-46,4,5099
40,197,6,999,6,-3,92,-46,4,5099
51,329,3,999,6,3,94,-41,4,5228
59,253,6,999,6,3,93,-36,4,5191
54,58,3,999,2,-3,93,-47,4,5099
42,109,5,999,6,3,93,-36,4,5228
33,679,6,999,6,3,93,-36,4,5228
26,68,6,999,6,3,94,-41,4,5228
27,54,6,999,6,-3,93,-47,4,5099
30,230,6,999,6,3,93,-36,4,5228
42,77,3,999,6,2,93,-42,4,5195
53,126,6,999,6,2,93,-42,4,5195
36,331,6,6,4,-3,94,-37,5,4963
29,139,2,999,6,3,93,-36,4,5228
45,133,3,999,6,3,93,-36,4,5228
35,102,5,999,6,3,93,-42,4,5228
33,494,6,999,6,-3,92,-50,4,5099
38,19,66,999,6,3,93,-36,4,5228
29,168,3,999,6,3,93,-36,4,5191
32,24,6,999,2,-3,93,-47,4,5099
34,35,3,999,6,-3,92,-46,4,5099
36,234,6,999,6,2,92,-45,3,5176
51,16,67,999,6,3,94,-41,4,5228
34,23,6,999,6,3,93,-36,4,5191
50,1353,2,999,6,-3,92,-29,5,5017
54,65,6,999,6,3,93,-36,4,5228
53,88,4,999,6,3,93,-36,4,5228
52,57,6,999,6,-3,92,-46,4,5099
71,363,6,999,6,-3,94,-37,5,4963
52,215,3,999,6,2,93,-42,4,5195
53,332,6,999,6,3,93,-36,4,5191
36,287,2,999,6,2,93,-42,4,5195
43,67,6,999,6,3,93,-36,4,5191
31,122,2,999,6,3,93,-36,4,5228
58,1234,3,999,6,3,93,-36,4,5191
46,124,3,999,6,3,93,-42,4,5228
38,456,6,999,6,3,93,-42,4,5228
34,329,6,999,6,-3,92,-46,4,5099
37,58,3,999,6,-3,92,-46,4,5099
40,54,4,999,6,-2,92,-40,4,5076
42,256,6,999,6,3,94,-41,4,5228
40,85,6,999,6,3,93,-36,4,5228
27,23,63,999,6,3,94,-41,4,5228
57,48,6,999,6,3,93,-36,4,5191
45,79,6,999,8,-3,93,-47,4,5099
46,184,2,999,8,2,93,-42,4,5195
47,129,3,999,2,-3,94,-40,5,4991
56,687,2,999,6,3,93,-36,4,5228
32,314,6,999,6,3,93,-36,4,5191
54,192,6,999,6,3,93,-36,4,5191
58,155,5,999,6,3,93,-36,4,5228
30,123,6,999,6,3,93,-36,4,5228
39,122,6,999,6,3,93,-42,4,5228
41,255,2,999,6,2,93,-42,4,5195
32,428,4,999,6,3,93,-36,4,5228
32,181,6,999,6,3,93,-36,4,5191
29,207,3,999,6,3,93,-36,4,5191
43,488,2,999,6,2,93,-42,4,5195
41,189,3,999,6,3,93,-36,4,5191
30,355,2,999,6,3,93,-36,4,5191
28,81,4,999,6,3,93,-42,4,5228
35,106,6,999,6,2,93,-42,4,5195
44,10,6,999,6,-3,94,-37,5,4963
25,94,4,999,6,3,93,-42,4,5228
47,118,6,999,6,3,93,-36,4,5228
32,486,6,999,6,2,93,-42,4,5195
26,235,6,999,8,-3,94,-40,5,4991
35,167,2,999,6,3,93,-42,4,5228
34,206,6,999,6,3,94,-41,4,5228
57,236,6,999,6,3,93,-36,4,5191
38,42,6,999,8,-3,92,-46,4,5099
33,61,2,6,2,-3,92,-26,5,5017
32,219,2,999,6,2,93,-42,4,5195
47,114,6,999,6,3,93,-42,4,5228
34,204,2,999,6,-3,92,-46,4,5099
36,413,2,999,6,-3,93,-47,4,5099
28,77,6,999,8,-3,92,-46,4,5099
72,270,6,999,6,-2,92,-31,5,5076
27,88,6,999,6,3,93,-42,4,5228
43,892,2,999,6,-3,92,-46,4,5099
39,452,6,999,6,-3,92,-46,4,5099
27,238,4,999,6,-3,93,-34,5,5008
35,614,6,999,6,-3,92,-46,4,5099
34,123,6,999,6,-2,92,-31,5,5076
36,57,2,999,6,3,94,-41,4,5228
39,749,2,999,6,2,93,-42,4,5195
35,176,4,999,6,3,94,-41,4,5228
56,130,3,999,6,2,93,-42,4,5195
31,1327,2,999,6,3,93,-42,4,5228
31,28,6,999,6,-3,92,-46,4,5099
45,27,3,999,6,2,93,-42,4,5195
20,47,2,999,6,-3,93,-47,4,5099
42,111,3,999,6,3,93,-42,4,5228
39,272,6,999,6,-3,92,-46,4,5099
45,65,2,999,6,3,94,-41,4,5228
50,54,65,999,6,3,93,-36,4,5228
29,641,6,999,6,3,94,-41,4,5228
38,362,4,999,6,3,93,-36,4,5191
34,474,6,999,6,3,93,-36,4,5191
36,61,6,999,6,3,93,-42,4,5228
35,234,63,999,6,3,93,-36,4,5191
41,677,6,999,6,3,93,-36,4,5191
42,87,6,999,6,3,93,-36,4,5191
39,247,6,4,8,-2,92,-31,5,5076
34,164,3,999,6,3,93,-42,4,5228
52,643,2,999,6,3,93,-36,4,5191
47,2653,3,999,6,3,94,-41,4,5228
59,112,4,999,8,-3,92,-33,5,5023
37,175,6,999,8,-3,93,-47,4,5099
33,85,4,999,6,-3,92,-46,4,5099
35,288,2,999,6,3,94,-41,4,5228
33,67,2,999,6,3,93,-36,4,5191
40,44,6,999,6,2,93,-42,4,5195
39,302,6,999,6,3,93,-36,4,5191
32,77,6,999,6,-3,92,-30,5,5017
29,130,6,999,6,3,93,-36,4,5228
32,1143,6,999,6,-3,93,-47,4,5099
35,221,2,999,6,3,93,-36,4,5191
36,570,2,999,6,3,93,-42,4,5228
38,239,6,999,6,-3,93,-47,4,5099
32,66,7,999,6,3,93,-36,4,5228
32,200,6,999,6,3,93,-36,4,5228
34,581,4,999,6,2,93,-42,4,5195
42,938,6,999,6,3,93,-36,4,5191
28,223,6,999,6,-3,92,-46,4,5099
53,260,6,999,6,3,93,-36,4,5191
27,93,2,999,6,3,93,-36,4,5191
43,114,6,999,8,-3,92,-46,4,5099
51,901,6,999,6,3,93,-42,4,5228
35,81,2,999,6,3,94,-41,4,5228
42,168,6,999,6,3,93,-36,4,5228
36,114,2,999,6,3,93,-36,4,5191
35,138,4,999,6,3,94,-41,4,5228
38,31,6,999,6,3,94,-41,4,5228
45,272,2,999,6,3,94,-41,4,5228
24,590,3,999,6,3,93,-42,4,5228
30,231,6,999,6,3,93,-42,4,5228
31,152,2,999,6,2,93,-42,4,5195
30,217,2,999,6,3,93,-42,4,5228
68,546,2,999,8,-3,94,-40,5,4991
50,137,6,999,6,3,93,-36,4,5228
32,85,8,999,6,3,93,-36,4,5228
55,371,6,999,6,3,93,-42,4,5228
31,135,2,999,6,3,94,-41,4,5228
55,64,6,999,6,3,93,-36,4,5228
37,56,3,999,6,3,93,-42,4,5228
41,107,3,999,6,3,93,-42,4,5228
34,102,3,999,6,-3,92,-46,4,5099
33,728,6,999,6,-3,92,-46,4,5099
42,312,2,999,6,-3,92,-46,4,5099
56,55,9,999,6,3,93,-42,4,5228
46,245,6,999,6,3,94,-41,4,5228
42,163,6,999,6,3,93,-42,4,5228
33,214,2,999,8,2,93,-42,4,5195
53,264,6,999,6,3,93,-36,4,5191
43,206,5,999,6,2,93,-42,4,5195
52,161,2,999,6,3,93,-42,4,5228
40,145,2,999,6,3,93,-42,4,5228
49,334,3,999,6,-3,92,-33,5,5023
41,47,63,999,6,3,93,-36,4,5228
26,215,3,999,6,3,93,-42,4,5228
39,304,2,999,6,3,93,-36,4,5191
33,164,7,999,6,3,94,-41,4,5228
36,125,2,999,8,-3,92,-46,4,5099
33,321,6,999,6,3,94,-41,4,5228
36,49,2,999,6,3,94,-41,4,5228
61,102,2,999,8,-3,93,-34,5,5008
40,224,6,999,6,3,93,-36,4,5191
31,141,2,999,6,3,93,-42,4,5228
41,132,2,999,6,3,94,-41,4,5228
39,22,8,999,8,-3,92,-46,4,5099
39,121,67,999,6,3,93,-42,4,5228
38,328,2,999,6,-2,92,-31,5,5076
47,245,6,999,8,-3,93,-47,4,5099
24,722,3,999,6,3,93,-42,4,5228
45,323,6,999,6,3,93,-42,4,5228
34,40,7,999,6,3,93,-42,4,5228
51,142,2,999,6,3,93,-36,4,5191
53,217,2,3,8,-2,92,-40,4,5076
24,211,6,999,6,-2,92,-40,4,5076
24,10,5,999,6,-3,92,-46,4,5099
35,108,6,999,6,2,93,-42,4,5195
71,167,6,999,6,-3,92,-26,5,5017
27,98,6,999,8,-3,93,-47,4,5099
32,217,6,999,6,-3,92,-26,5,5017
56,13,2,999,6,3,93,-42,4,5228
35,66,6,999,8,-3,92,-46,4,5099
35,347,6,999,6,3,93,-36,4,5228
38,193,6,999,6,3,93,-36,4,5191
52,43,6,999,6,3,94,-41,4,5228
27,72,6,999,6,3,93,-42,4,5228
35,103,2,999,6,3,93,-42,4,5228
40,26,6,999,6,3,93,-36,4,5191
38,122,5,999,6,3,93,-42,4,5228
32,162,4,999,8,-3,92,-46,4,5099
35,95,6,999,6,2,93,-42,4,5195
28,611,2,999,6,3,93,-42,4,5228
25,420,2,999,6,3,93,-42,4,5228
28,202,6,999,6,-2,92,-31,5,5076
31,244,6,3,8,-3,94,-37,5,4963
38,539,6,999,6,-2,92,-40,4,5076
53,75,6,999,6,3,94,-41,4,5228
32,76,67,999,6,3,93,-36,4,5191
73,135,2,999,6,-2,92,-31,5,5076
34,359,6,999,6,3,93,-36,4,5191
64,671,3,999,6,-3,93,-40,5,5008
41,167,6,999,6,3,93,-36,4,5228
51,781,6,999,6,3,94,-41,4,5228
34,116,2,999,6,-2,92,-40,4,5076
50,1005,2,999,6,3,94,-41,4,5228
39,109,4,999,6,3,93,-36,4,5191
34,93,6,999,6,-3,92,-50,4,5099
37,226,2,999,6,-3,92,-46,4,5099
40,85,3,999,6,3,94,-41,4,5228
38,197,6,999,6,3,94,-41,4,5228
41,188,4,999,6,3,93,-36,4,5228
38,191,3,999,6,3,93,-36,4,5228
47,303,3,999,6,3,93,-42,4,5228
23,523,2,999,6,3,93,-42,4,5228
30,83,66,999,6,3,94,-41,4,5228
49,91,6,999,6,2,93,-42,4,5195
51,343,6,999,6,3,93,-36,4,5191
36,225,2,999,8,-3,92,-46,4,5099
49,383,3,999,6,3,93,-36,4,5228
21,250,6,999,6,-3,92,-30,5,5017
34,284,2,999,6,3,93,-42,4,5228
45,367,2,999,6,3,93,-42,4,5228
54,193,6,3,8,-3,92,-46,4,5099
34,71,3,999,6,-3,92,-46,4,5099
36,193,6,999,6,-3,92,-46,4,5099
45,265,4,999,6,3,93,-36,4,5191
37,274,6,999,6,2,93,-42,4,5195
32,75,2,999,6,2,93,-42,4,5195
51,142,6,999,8,-3,92,-46,4,5099
35,418,3,999,6,3,93,-36,4,5191
36,18,8,999,6,3,93,-42,4,5228
32,118,3,999,6,3,93,-42,4,5228
34,211,6,999,6,3,93,-36,4,5191
51,65,6,999,6,3,93,-42,4,5228
24,147,6,999,8,-2,92,-31,5,5076
37,91,2,999,6,-2,92,-33,5,5076
37,90,4,999,6,3,94,-41,4,5228
56,147,3,999,6,3,93,-36,4,5228
27,24,6,999,6,2,93,-42,3,5195
59,141,4,999,6,3,94,-41,4,5228
54,164,2,999,6,-3,92,-26,5,5017
34,144,3,999,8,-3,92,-46,4,5099
36,45,3,999,6,3,94,-41,4,5228
54,198,3,999,6,3,93,-36,4,5191
30,434,4,999,6,3,93,-36,4,5191
37,263,2,999,6,3,93,-36,4,5228
46,34,4,999,6,-3,92,-46,4,5099
50,113,2,999,6,3,93,-36,4,5228
35,419,2,999,6,-2,92,-31,5,5076
78,1148,6,999,6,-3,94,-40,5,4991
27,423,3,999,6,-3,94,-40,5,4991
55,349,6,999,6,3,93,-36,4,5191
51,259,6,999,6,2,93,-42,4,5195
41,204,2,999,6,-3,92,-46,4,5099
54,172,6,999,6,2,93,-42,4,5195
46,3253,6,999,6,2,93,-40,5,5195
30,329,2,999,6,2,93,-42,4,5195
33,280,6,999,6,3,94,-41,4,5228
38,503,6,999,6,3,93,-42,4,5228
36,286,6,999,6,3,93,-36,4,5191
36,349,6,999,8,-3,92,-46,4,5099
46,165,3,999,6,3,93,-42,4,5228
40,606,5,999,6,3,94,-41,4,5228
38,894,6,999,6,3,93,-36,4,5191
35,117,3,999,6,3,94,-41,4,5228
55,148,4,999,6,-3,92,-46,4,5099
49,813,2,999,6,3,93,-36,4,5191
36,140,6,999,6,-3,93,-47,4,5099
42,81,7,999,6,3,93,-36,4,5228
48,16,6,999,6,-3,92,-46,4,5099
40,309,2,999,6,3,93,-42,4,5228
53,178,2,999,6,3,93,-36,4,5228
42,257,2,999,6,3,94,-41,4,5228
40,163,6,999,6,3,93,-36,4,5191
38,195,2,999,6,-2,92,-33,5,5076
34,98,6,999,6,3,93,-36,4,5228
36,250,8,999,6,3,94,-41,4,5228
38,79,3,999,6,-3,92,-46,4,5099
32,187,6,999,6,-3,92,-46,4,5099
32,891,4,999,6,3,93,-42,4,5228
49,334,6,999,6,-3,93,-47,4,5099
35,585,6,999,6,-3,92,-46,4,5099
38,61,6,999,6,2,93,-42,4,5195
38,210,2,999,6,3,93,-42,4,5228
28,16,6,999,6,-3,92,-46,4,5099
26,249,6,3,3,-3,94,-37,5,4963
27,192,6,999,6,3,93,-42,4,5228
59,807,6,999,6,3,93,-42,4,5228
26,155,3,999,6,3,93,-36,4,5191
38,268,6,999,6,3,93,-42,4,5228
39,77,2,999,6,3,93,-36,4,5191
30,274,4,999,6,3,93,-36,4,5191
40,185,2,999,6,3,93,-42,4,5228
37,31,7,999,8,-3,92,-46,4,5099
31,74,2,999,6,-3,93,-47,4,5099
47,94,2,999,6,3,93,-36,4,5228
54,184,6,999,6,-3,92,-46,4,5099
32,1067,2,999,6,2,93,-42,4,5195
41,154,6,999,6,3,93,-36,4,5191
55,543,3,999,8,-3,92,-46,4,5099
80,382,6,3,3,-3,93,-40,5,5008
29,492,2,999,6,3,93,-36,4,5191
32,412,6,999,6,-3,92,-46,4,5099
47,310,3,999,6,3,93,-36,4,5228
49,122,5,999,6,3,94,-41,4,5228
33,1183,6,999,6,3,93,-36,4,5191
51,286,2,999,6,2,93,-42,4,5195
40,145,2,999,6,3,93,-36,4,5228
44,903,4,999,6,-3,92,-46,4,5099
28,4,4,999,6,3,93,-36,4,5191
46,64,3,999,6,2,93,-42,4,5195
46,105,66,999,6,3,93,-36,4,5191
52,90,4,999,6,3,93,-36,4,5191
25,345,2,999,6,-3,92,-30,5,5017
31,12,3,999,6,3,94,-41,4,5228
38,258,3,999,6,3,93,-36,4,5191
52,249,6,999,6,-3,93,-47,4,5099
39,375,3,999,6,-3,94,-40,5,4991
44,1628,2,6,8,-3,92,-30,5,5017
39,361,6,999,6,3,93,-42,4,5228
54,840,3,999,6,-3,93,-47,4,5099
55,188,2,999,6,3,93,-42,4,5228
46,56,2,999,6,3,93,-36,4,5191
55,164,6,999,8,-3,93,-47,4,5099
45,651,4,999,6,-3,93,-47,4,5099
29,107,2,999,6,-3,92,-26,5,5017
46,231,3,999,6,3,93,-42,4,5228
50,237,6,999,6,3,93,-42,4,5228
39,157,5,999,6,3,93,-42,4,5228
50,20,4,999,6,3,93,-36,4,5191
34,1167,6,999,6,3,93,-36,4,5191
36,386,3,999,6,3,93,-36,4,5191
29,104,5,999,6,2,93,-42,4,5195
43,228,6,999,6,3,93,-36,4,5191
42,181,3,999,6,3,93,-36,4,5191
51,121,6,999,6,-2,92,-31,5,5076
26,369,6,999,6,3,93,-42,4,5228
31,868,3,18,3,-3,94,-38,5,4991
47,168,6,999,6,3,94,-41,4,5228
54,14,6,999,6,-3,93,-47,4,5099
40,258,6,999,6,3,93,-36,4,5228
29,347,3,5,8,-3,94,-39,5,4991
39,327,2,999,6,-3,92,-46,4,5099
55,525,2,999,6,3,93,-42,4,5228
43,265,2,999,6,3,93,-36,4,5191
26,78,6,999,6,-3,92,-46,4,5099
33,170,2,999,6,3,93,-36,4,5228
42,485,2,999,6,3,93,-42,4,5228
36,506,2,999,6,-3,93,-47,4,5099
33,351,3,999,6,-3,93,-47,4,5099
36,629,7,999,6,3,93,-36,4,5228
45,315,6,999,6,3,93,-36,4,5191
39,273,2,999,6,3,93,-36,4,5191
36,529,6,999,6,3,93,-36,4,5228
28,161,4,999,6,-3,94,-38,5,4991
38,333,6,999,6,3,94,-41,4,5228
49,122,4,999,6,3,93,-36,4,5191
38,76,67,999,6,3,93,-42,4,5228
36,234,2,999,6,3,93,-42,4,5228
51,99,3,999,6,-3,92,-46,4,5099
57,1720,4,999,6,3,93,-42,4,5228
44,533,6,999,6,-3,92,-46,4,5099
27,429,2,999,6,-2,92,-31,5,5076
58,174,5,999,6,3,93,-42,4,5228
28,406,3,999,6,3,94,-41,4,5228
41,766,2,999,6,3,93,-36,4,5228
34,232,2,999,6,3,94,-41,4,5228
29,431,2,999,2,-2,92,-40,4,5076
55,130,6,999,8,-3,92,-46,4,5099
37,481,2,999,4,-3,94,-38,5,4991
18,183,6,7,2,-3,93,-40,5,5008
39,27,6,999,6,3,94,-41,4,5228
36,360,2,999,6,3,93,-36,4,5191
34,50,6,999,6,-3,92,-46,4,5099
35,212,6,999,2,-3,94,-50,4,4963
36,616,2,999,6,3,93,-42,4,5228
55,307,6,999,8,-3,93,-47,4,5099
50,1130,3,999,6,3,93,-42,4,5228
37,93,4,999,6,-3,93,-47,4,5099
24,132,6,999,6,3,94,-41,4,5228
57,76,5,999,6,3,93,-36,4,5191
59,247,2,999,8,-3,93,-34,5,5008
32,69,2,999,6,-3,92,-29,5,5017
36,110,4,999,6,3,93,-42,4,5228
48,747,2,999,6,-3,92,-30,5,5017
33,313,3,999,6,3,93,-36,4,5228
43,99,3,999,6,3,94,-41,4,5228
39,496,4,999,6,3,93,-36,4,5191
26,49,3,999,6,-3,92,-46,4,5099
47,188,6,3,8,-3,92,-29,5,5017
24,171,5,999,6,3,93,-42,4,5228
35,81,6,999,6,2,93,-42,4,5195
26,75,2,999,8,-3,92,-26,5,5017
31,11,9,999,6,-3,92,-46,4,5099
33,2301,6,999,6,-3,92,-46,4,5099
53,75,3,999,6,-3,93,-47,4,5099
43,460,6,999,8,-3,93,-40,5,5008
34,64,6,999,6,3,93,-36,4,5228
41,54,6,999,6,3,93,-36,4,5228
33,139,2,999,6,-3,92,-46,4,5099
33,220,4,999,6,3,94,-41,4,5228
47,239,2,999,6,3,93,-42,4,5228
29,36,3,999,6,3,93,-36,4,5228
25,170,2,999,6,-3,92,-46,4,5099
35,66,4,999,6,3,93,-36,4,5191
29,332,6,999,6,3,93,-42,4,5228
57,81,6,999,8,-3,93,-47,4,5099
49,68,5,999,8,-3,93,-47,4,5099
35,150,6,999,6,3,93,-36,4,5191
31,439,2,999,6,3,93,-36,4,5191
43,127,6,999,6,2,93,-42,4,5195
34,320,6,999,6,3,93,-42,4,5228
38,284,6,999,6,3,94,-41,4,5228
43,281,4,999,6,3,93,-36,4,5228
38,83,6,999,6,2,93,-42,4,5195
46,247,6,999,6,3,93,-36,4,5191
39,344,2,999,6,3,93,-36,4,5191
47,400,2,999,6,3,93,-36,4,5191
25,304,2,999,6,3,93,-36,4,5191
38,776,6,999,6,3,93,-36,4,5191
36,247,2,999,6,3,94,-41,4,5228
30,496,6,999,6,-3,93,-47,4,5099
34,568,6,6,3,-3,93,-34,5,5008
47,95,4,999,6,3,93,-36,4,5228
46,109,6,999,6,-2,92,-31,5,5076
45,173,6,999,6,3,93,-36,4,5191
38,295,2,999,6,3,93,-36,4,5228
30,207,6,999,6,3,93,-36,4,5191
31,156,2,999,6,-3,92,-46,4,5099
52,87,5,999,6,3,93,-42,4,5228
48,119,2,999,6,3,94,-41,4,5228
27,68,3,999,6,3,93,-42,4,5228
43,173,6,999,6,3,94,-41,4,5228
45,333,6,999,6,3,94,-41,4,5228
32,152,2,999,6,3,93,-36,4,5228
30,142,2,999,6,3,93,-36,4,5228
60,448,3,999,6,3,93,-36,4,5228
32,77,2,999,6,3,93,-42,4,5228
32,78,6,999,6,3,94,-41,4,5228
54,39,2,999,6,3,94,-41,4,5228
53,8,3,999,6,-3,92,-46,4,5099
36,209,6,999,6,3,93,-42,4,5228
27,43,2,999,6,3,93,-36,4,5191
29,342,6,999,8,-3,92,-46,4,5099
55,147,7,999,6,3,93,-36,4,5191
38,26,3,999,6,3,93,-36,4,5191
28,186,6,999,6,3,93,-42,4,5228
37,316,2,999,6,3,93,-42,4,5228
37,481,6,999,6,3,93,-36,4,5228
30,78,6,999,6,3,93,-36,4,5228
32,159,6,999,6,3,93,-36,4,5228
43,534,6,999,6,3,93,-42,4,5228
35,126,3,999,6,3,93,-42,4,5228
47,1334,6,999,6,3,93,-36,4,5191
42,295,6,6,2,-3,94,-38,5,4991
39,391,2,999,6,2,93,-42,4,5195
41,1138,6,999,6,3,93,-36,4,5191
38,182,3,999,6,3,93,-42,4,5228
29,289,2,999,6,3,93,-42,4,5228
33,1019,66,999,6,3,93,-42,4,5228
41,279,6,999,6,-3,93,-47,4,5099
45,165,6,999,3,-3,93,-40,5,5008
35,146,3,999,6,3,93,-36,4,5228
56,172,6,999,6,-3,93,-47,4,5099
30,188,6,999,6,-3,92,-46,4,5099
41,341,2,999,6,3,93,-36,4,5191
41,105,2,999,6,3,93,-36,4,5191
31,157,5,999,6,3,93,-36,4,5191
29,202,6,999,6,3,93,-36,4,5228
38,73,6,999,6,3,93,-36,4,5191
48,284,2,999,6,3,93,-36,4,5191
24,316,3,999,8,-3,94,-40,5,4991
53,64,6,999,6,3,93,-42,4,5228
56,41,7,999,6,3,93,-36,4,5228
32,322,6,999,6,3,93,-36,4,5228
29,71,2,999,6,-3,93,-47,4,5099
32,106,6,999,6,3,93,-36,4,5228
28,604,6,999,6,3,94,-41,4,5228
33,201,6,999,8,-3,92,-46,4,5099
28,265,6,999,6,3,93,-42,4,5228
43,180,5,999,6,3,93,-36,4,5191
54,173,6,999,6,-3,92,-46,4,5099
31,111,2,999,6,2,93,-42,4,5195
36,140,6,999,6,3,93,-42,4,5228
56,135,6,999,6,3,93,-42,4,5228
45,474,6,999,6,3,93,-36,4,5228
54,112,6,999,6,3,93,-42,4,5228
48,193,2,999,6,-3,93,-47,4,5099
60,35,6,999,6,3,94,-41,4,5228
35,252,5,999,6,3,93,-36,4,5228
27,88,6,999,8,-3,92,-46,4,5099
51,212,6,999,6,-2,92,-31,5,5076
40,136,2,999,6,3,94,-41,4,5228
36,88,2,999,6,2,93,-42,4,5195
34,29,6,999,6,2,93,-42,4,5195
44,10,5,999,6,-3,92,-46,4,5099
37,286,2,999,6,3,93,-36,4,5228
46,257,6,999,6,3,93,-42,4,5228
52,362,2,999,6,3,93,-36,4,5228
23,343,5,999,6,-3,93,-47,4,5099
39,36,6,999,6,-3,92,-46,4,5099
34,136,6,999,6,-3,92,-50,4,5099
36,422,6,3,4,-3,94,-39,5,4991
43,286,6,999,8,-3,92,-46,4,5099
45,121,4,999,6,3,93,-36,4,5191
86,340,6,999,6,-3,94,-37,5,4963
34,377,6,999,6,-3,93,-47,4,5099
37,298,2,999,6,-3,92,-30,5,5017
32,55,6,999,6,3,93,-36,4,5228
37,300,6,999,2,-3,94,-39,5,4991
66,210,6,999,6,-3,92,-46,4,5099
32,271,5,999,6,3,93,-42,4,5228
35,26,4,999,2,-3,93,-47,4,5099
30,212,4,999,6,-3,94,-39,5,4991
33,131,6,999,6,3,93,-36,4,5191
57,145,6,999,6,-3,92,-46,4,5099
57,107,6,999,6,3,94,-41,4,5228
47,67,6,999,6,3,93,-42,4,5228
56,185,2,999,6,3,93,-36,4,5191
38,62,6,999,6,3,93,-36,4,5228
40,52,60,999,6,3,93,-42,4,5228
59,146,6,999,6,3,93,-36,4,5191
31,854,6,999,6,-3,92,-33,5,5023
34,244,6,999,6,3,93,-36,4,5228
28,261,6,999,8,-3,94,-38,5,4991
40,141,9,999,6,3,93,-36,4,5191
42,163,6,999,6,-3,93,-47,4,5099
49,161,4,999,6,3,93,-36,4,5228
48,64,6,999,6,3,93,-42,4,5228
41,79,8,999,6,3,93,-36,4,5191
37,364,6,999,8,-3,92,-26,5,5017
39,149,6,999,6,3,94,-41,4,5228
42,11,8,999,6,-3,92,-46,4,5099
32,1090,6,999,6,-3,93,-47,4,5099
47,145,6,999,6,3,93,-36,4,5228
35,139,6,999,6,3,93,-42,4,5228
60,259,6,999,6,3,93,-36,4,5228
30,18,66,999,6,3,93,-42,4,5228
54,249,6,999,6,3,94,-41,4,5228
39,85,6,999,6,3,93,-36,4,5191
61,131,3,999,6,-3,92,-46,4,5099
43,252,3,999,6,2,93,-42,4,5195
32,857,6,999,6,3,93,-36,4,5191
48,231,6,999,6,3,93,-36,4,5191
37,95,3,999,6,-3,92,-46,4,5099
34,168,3,999,6,-3,92,-46,4,5099
41,269,7,6,3,-3,94,-40,5,4991
36,101,6,999,6,3,93,-36,4,5228
33,147,6,999,6,3,93,-36,4,5191
36,120,66,999,6,3,94,-41,4,5228
58,533,6,999,6,3,93,-42,4,5228
40,377,3,999,8,-3,93,-47,4,5099
36,161,2,999,6,2,93,-42,4,5195
49,181,4,999,8,-3,92,-46,4,5099
45,637,6,999,6,-3,93,-47,4,5099
36,458,6,4,4,-3,94,-39,5,4991
32,310,6,999,6,-3,94,-39,5,4991
55,67,9,999,6,3,93,-42,4,5228
28,497,6,999,6,3,93,-42,4,5228
76,352,6,3,8,-3,94,-39,5,4991
46,247,2,999,8,-3,92,-46,4,5099
28,368,6,999,6,-3,92,-29,5,5017
30,115,3,999,6,-3,92,-46,4,5099
52,188,3,999,6,3,93,-42,4,5228
42,474,6,999,6,3,93,-36,4,5191
51,269,60,999,6,3,93,-36,4,5191
29,536,6,999,6,3,93,-36,4,5228
47,475,2,999,6,2,93,-42,4,5195
56,178,2,3,8,-3,92,-30,5,5017
33,313,6,999,6,-3,92,-46,4,5099
38,147,3,999,6,3,93,-42,4,5228
32,210,2,15,8,-3,94,-40,5,4991
31,243,2,999,8,-3,93,-40,5,5008
35,188,6,999,6,3,93,-36,4,5191
41,178,3,999,8,-3,92,-46,4,5099
41,95,6,3,8,-3,92,-30,5,5017
30,629,2,999,6,3,93,-36,4,5191
36,245,5,999,6,-3,93,-47,4,5099
38,121,5,999,6,3,93,-42,4,5228
28,453,6,999,8,-3,94,-38,5,4991
35,330,6,10,8,-3,93,-34,5,5008
42,158,6,999,8,-2,92,-31,5,5076
40,355,6,999,6,-2,92,-40,4,5076
31,8,3,999,6,3,94,-41,4,5228
39,50,6,999,6,3,93,-36,4,5228
37,56,4,999,6,3,93,-42,4,5228
52,112,6,999,6,3,93,-36,4,5228
33,240,6,999,6,2,93,-42,4,5195
37,85,3,999,6,3,93,-42,4,5228
34,29,66,999,6,3,93,-42,4,5228
32,47,8,999,6,3,93,-36,4,5191
56,99,6,999,6,3,94,-41,4,5228
47,140,2,999,6,3,93,-36,4,5228
41,186,2,999,6,3,93,-42,4,5228
34,145,6,999,6,3,93,-36,4,5228
35,70,6,999,6,3,93,-36,4,5228
19,338,4,999,6,-3,92,-46,4,5099
28,203,6,999,6,3,93,-42,4,5228
41,343,6,999,6,3,93,-36,4,5191
27,54,5,999,6,-3,92,-46,4,5099
36,57,3,999,6,-3,93,-47,4,5099
35,231,2,999,6,2,93,-42,4,5195
32,168,6,999,6,3,93,-42,4,5228
43,764,3,999,6,3,93,-36,4,5191
42,73,2,999,6,3,93,-42,4,5228
30,5,6,999,6,-3,94,-49,5,4963
34,62,6,999,6,-2,92,-40,4,5076
26,345,2,999,6,3,93,-36,4,5191
30,125,6,999,6,3,93,-42,4,5228
61,165,2,999,6,-3,93,-34,5,5008
48,179,2,999,6,3,93,-42,4,5228
38,382,3,999,6,3,94,-41,4,5228
50,84,2,999,6,3,93,-42,4,5228
32,185,2,999,6,3,93,-36,4,5228
36,46,3,999,6,3,93,-36,4,5228
28,267,60,999,6,3,94,-41,4,5228
35,67,5,999,6,3,93,-36,4,5228
37,394,3,999,6,3,94,-41,4,5228
48,130,6,999,6,3,94,-41,4,5228
35,57,6,999,6,2,93,-42,4,5195
47,108,2,999,6,3,93,-42,4,5228
29,873,2,999,6,3,93,-42,4,5228
53,119,4,999,6,3,94,-41,4,5228
27,100,4,999,6,3,93,-36,4,5191
28,69,6,999,6,3,93,-42,4,5228
52,161,6,999,8,2,93,-42,4,5195
39,1176,6,999,6,3,93,-42,4,5228
56,161,4,999,6,3,93,-42,4,5228
39,77,6,999,6,3,93,-36,4,5228
33,24,60,999,6,3,93,-36,4,5228
53,384,6,999,6,-3,92,-29,5,5017
32,278,2,999,6,3,93,-36,4,5191
29,33,2,999,6,-2,92,-31,5,5076
36,305,7,999,6,-2,92,-33,5,5076
24,582,2,999,6,-3,92,-46,4,5099
49,199,4,999,6,3,93,-36,4,5191
28,187,6,999,6,-3,92,-46,4,5099
51,200,2,999,6,3,93,-42,4,5228
33,109,6,999,6,-3,92,-46,4,5099
34,38,6,999,6,3,93,-36,4,5228
35,225,2,999,6,-3,93,-47,4,5099
39,387,6,6,2,-3,92,-33,5,5023
34,84,3,999,6,3,94,-41,4,5228
29,67,6,999,6,3,93,-36,4,5228
49,290,6,999,6,-3,92,-46,4,5099
32,8,7,999,6,-3,92,-46,4,5099
53,600,4,999,6,-3,92,-46,4,5099
51,448,6,999,6,3,93,-36,4,5191
37,62,3,999,6,3,93,-36,4,5191
29,602,7,999,6,3,93,-36,4,5228
51,104,2,999,6,3,93,-42,4,5228
30,617,2,999,6,-2,92,-40,4,5076
41,143,2,999,6,3,94,-41,4,5228
39,476,6,999,6,-3,92,-46,4,5099
27,185,6,999,6,3,93,-42,4,5228
26,338,6,7,8,-3,92,-30,5,5017
31,115,6,999,6,3,93,-36,4,5191
49,128,8,999,6,3,93,-36,4,5228
47,69,6,999,6,3,93,-36,4,5191
39,0,4,999,6,3,93,-36,4,5191
56,51,2,999,6,2,93,-42,4,5195
42,375,6,999,6,2,93,-42,4,5195
44,177,6,999,6,3,93,-36,4,5191
52,251,6,999,6,2,93,-42,4,5195
25,553,6,999,6,-2,92,-31,5,5076
36,154,6,999,6,2,93,-42,4,5195
41,74,6,999,6,3,93,-36,4,5191
37,63,2,999,2,-3,93,-47,4,5099
38,461,2,999,6,3,93,-36,4,5191
34,223,6,999,8,2,93,-42,4,5195
31,90,6,999,6,-3,92,-46,4,5099
39,145,2,999,6,3,93,-36,4,5228
36,163,2,999,8,2,93,-42,4,5195
38,319,4,999,6,3,93,-42,4,5228
39,80,2,999,6,3,93,-36,4,5228
32,689,6,999,6,-3,92,-46,4,5099
51,236,2,999,6,3,94,-41,4,5228
52,81,2,999,8,-3,92,-46,4,5099
55,182,6,999,8,2,93,-42,4,5195
35,90,2,999,6,3,93,-36,4,5228
41,75,6,999,6,3,94,-41,4,5228
29,718,63,999,6,3,94,-41,4,5228
38,321,6,999,6,3,93,-36,4,5191
51,198,2,999,6,2,93,-42,4,5195
35,42,2,999,6,2,93,-42,4,5195
34,195,2,999,8,-3,92,-46,4,5099
47,87,6,999,6,2,93,-42,4,5195
32,322,2,999,6,3,93,-36,4,5191
39,131,6,999,6,3,93,-42,4,5228
56,129,3,999,6,3,94,-41,4,5228
31,458,2,999,6,3,93,-42,4,5228
46,796,5,999,8,2,93,-42,4,5195
44,153,3,999,6,3,93,-42,4,5228
36,246,6,999,8,-3,92,-46,4,5099
31,662,6,999,6,3,93,-42,4,5228
37,475,3,999,6,-3,92,-46,4,5099
32,75,2,999,6,-3,92,-50,4,5099
48,315,6,999,6,3,93,-36,4,5191
51,295,6,999,8,-3,92,-46,4,5099
30,216,4,999,6,2,93,-42,4,5195
37,144,6,999,6,3,93,-42,4,5228
38,21,6,999,6,-3,94,-39,5,4991
36,219,2,999,6,-3,92,-46,4,5099
55,278,6,999,6,-3,92,-46,4,5099
51,113,2,999,6,-3,92,-46,4,5099
42,799,6,999,6,3,93,-42,4,5228
29,142,6,999,8,2,93,-42,4,5195
59,61,6,999,8,-3,92,-46,4,5099
